"Variables ->","i","i_star","D4L_cpi","D4L_pce_core","gdp_gap","gdp_gap_star"
"Comments ->","","","","","",""
"Class[Size] ->","Series[286-by-1]","Series[286-by-1]","Series[286-by-1]","Series[286-by-1]","Series[286-by-1]","Series[286-by-1]"
"2001M01",5.72000000e+00,5.74000000e+00,NaN,NaN,NaN,NaN
"2001M02",6.24000000e+00,5.59000000e+00,NaN,NaN,NaN,NaN
"2001M03",5.40000000e+00,5.29000000e+00,NaN,NaN,NaN,NaN
"2001M04",4.42000000e+00,4.67000000e+00,NaN,NaN,NaN,NaN
"2001M05",5.05000000e+00,4.24000000e+00,NaN,NaN,NaN,NaN
"2001M06",4.98000000e+00,3.95000000e+00,NaN,NaN,NaN,NaN
"2001M07",4.83000000e+00,3.82000000e+00,NaN,NaN,NaN,NaN
"2001M08",4.83000000e+00,3.66000000e+00,NaN,NaN,NaN,NaN
"2001M09",4.63000000e+00,2.75000000e+00,NaN,NaN,NaN,NaN
"2001M10",4.47000000e+00,2.66000000e+00,NaN,NaN,NaN,NaN
"2001M11",4.93000000e+00,2.06000000e+00,NaN,NaN,NaN,NaN
"2001M12",4.52000000e+00,1.52000000e+00,NaN,NaN,5.49159746e-01,-1.41539438e+00
"2002M01",4.53000000e+00,1.85000000e+00,8.47893187e+00,1.40831714e+00,4.34365642e-01,-1.50422240e+00
"2002M02",4.23000000e+00,1.83000000e+00,8.62684377e+00,1.42272975e+00,7.69470840e-01,-1.43754229e+00
"2002M03",5.25000000e+00,1.74000000e+00,8.73441352e+00,1.43812195e+00,3.60161967e-01,-1.31199854e+00
"2002M04",4.56000000e+00,1.82000000e+00,8.84975015e+00,1.55749133e+00,1.49536272e+00,-1.21281878e+00
"2002M05",4.31000000e+00,1.79000000e+00,8.90400691e+00,1.64500743e+00,2.38634904e+00,-1.07710071e+00
"2002M06",4.39000000e+00,1.73000000e+00,8.74512660e+00,1.58077285e+00,7.23862795e-01,-7.37974253e-01
"2002M07",4.11000000e+00,1.76000000e+00,8.70748190e+00,1.52654919e+00,9.74735699e-02,-5.94738029e-01
"2002M08",4.91000000e+00,1.81000000e+00,7.44234730e+00,1.67363587e+00,-8.07428609e-02,-4.20548385e-01
"2002M09",4.45000000e+00,1.85000000e+00,6.86117755e+00,2.40650201e+00,1.17381414e+00,-3.66934500e-01
"2002M10",4.47000000e+00,1.82000000e+00,6.39396715e+00,1.78940983e+00,-4.89775974e-01,-2.61017100e-01
"2002M11",5.40000000e+00,1.23000000e+00,6.15151617e+00,1.68344581e+00,-2.11310480e-01,-3.39265141e-01
"2002M12",2.22000000e+00,1.16000000e+00,6.13427121e+00,1.75342363e+00,4.68288356e-01,-3.02666336e-01
"2003M01",1.03000000e+00,1.33000000e+00,6.01447062e+00,1.76523335e+00,4.57828507e-01,-2.30107880e-01
"2003M02",4.13000000e+00,1.33000000e+00,5.82807736e+00,1.71212812e+00,1.98390579e-01,-3.85702101e-01
"2003M03",1.41000000e+00,1.38000000e+00,5.61462683e+00,1.75343859e+00,3.55436044e-01,-4.41727689e-01
"2003M04",8.70000000e-01,1.31000000e+00,5.51786697e+00,1.58580745e+00,-1.13555545e+00,-5.39129736e-01
"2003M05",8.20000000e-01,1.28000000e+00,5.41510262e+00,1.61838430e+00,-1.98298410e+00,-5.93868714e-01
"2003M06",1.10000000e+00,1.45000000e+00,5.10953683e+00,1.51552961e+00,-1.73274423e+00,-6.73787384e-01
"2003M07",1.48000000e+00,1.04000000e+00,4.54449280e+00,1.56190319e+00,-5.59511966e-01,-5.55717485e-01
"2003M08",1.40000000e+00,1.01000000e+00,4.84535626e+00,1.47788140e+00,-1.38670513e+00,-4.57389789e-01
"2003M09",1.45000000e+00,1.17000000e+00,5.52222293e+00,1.45400624e+00,-1.87203704e+00,-4.95059693e-01
"2003M10",1.71000000e+00,1.03000000e+00,5.67221328e+00,1.55377002e+00,-2.36495733e+00,-2.20073354e-01
"2003M11",1.96000000e+00,1.01000000e+00,5.67192766e+00,1.59259662e+00,-1.97629575e+00,-1.26753716e-03
"2003M12",1.83000000e+00,9.40000000e-01,5.68993129e+00,1.62384478e+00,-2.89878622e+00,2.75976953e-01
"2004M01",1.83000000e+00,1.03000000e+00,6.02731649e+00,1.81246294e+00,-1.52088797e+00,4.09304678e-01
"2004M02",1.94000000e+00,1.04000000e+00,6.07492509e+00,1.83630625e+00,4.49336080e-01,5.62765538e-01
"2004M03",1.86000000e+00,1.05000000e+00,6.35887031e+00,1.84339344e+00,-1.32455779e+00,5.91480810e-01
"2004M04",1.92000000e+00,1.03000000e+00,6.44177460e+00,1.99246681e+00,-1.32227904e+00,7.46099708e-01
"2004M05",2.10000000e+00,1.02000000e+00,7.01374992e+00,1.98589515e+00,-1.65628822e+00,7.97542318e-01
"2004M06",2.26000000e+00,1.38000000e+00,7.14359078e+00,2.08811021e+00,-1.32374205e-01,7.52263968e-01
"2004M07",2.72000000e+00,1.29000000e+00,7.35779374e+00,1.95628270e+00,5.66114883e-02,7.09594324e-01
"2004M08",2.41000000e+00,1.55000000e+00,7.37694754e+00,1.88208102e+00,4.13437036e-01,6.41444754e-01
"2004M09",2.08000000e+00,1.94000000e+00,7.73901861e+00,1.93033471e+00,1.41667029e-01,7.03455293e-01
"2004M10",2.07000000e+00,1.79000000e+00,8.28539391e+00,1.96269676e+00,5.44199740e-02,7.03560942e-01
"2004M11",2.43000000e+00,2.02000000e+00,8.82209511e+00,2.04156168e+00,2.67363546e-01,7.26131620e-01
"2004M12",2.68000000e+00,1.97000000e+00,8.82546892e+00,2.04520879e+00,9.26803119e-01,6.26964630e-01
"2005M01",2.55000000e+00,2.50000000e+00,8.65358769e+00,2.14819029e+00,-6.43020010e-01,5.87246870e-01
"2005M02",2.61000000e+00,2.52000000e+00,8.65127679e+00,2.15211361e+00,6.45479359e-01,5.50914355e-01
"2005M03",2.75000000e+00,2.96000000e+00,8.40307488e+00,2.23054816e+00,-1.45786934e-01,6.21906265e-01
"2005M04",2.75000000e+00,2.97000000e+00,8.50533104e+00,2.08560837e+00,9.03782996e-01,6.37027097e-01
"2005M05",2.82954545e+00,3.09000000e+00,8.17959775e+00,2.15353682e+00,1.00688922e+00,6.48279118e-01
"2005M06",3.00000000e+00,3.35000000e+00,8.43491589e+00,2.06489930e+00,-6.34442334e-01,7.08968981e-01
"2005M07",3.05952381e+00,3.31000000e+00,8.89326567e+00,2.09291377e+00,-1.08277324e+00,7.60882837e-01
"2005M08",3.33695652e+00,3.63000000e+00,8.96011280e+00,2.13589853e+00,-1.51113351e+00,8.25029176e-01
"2005M09",3.61363636e+00,3.93000000e+00,9.02686570e+00,2.16955916e+00,-1.36308447e+00,7.86942640e-01
"2005M10",3.75000000e+00,4.02000000e+00,9.79278020e+00,2.23994490e+00,-4.05365787e+00,8.01640710e-01
"2005M11",3.84090909e+00,4.03000000e+00,8.84502531e+00,2.27984343e+00,-2.70142888e+00,7.95972264e-01
"2005M12",4.11363636e+00,4.09000000e+00,8.21948569e+00,2.25525808e+00,1.30972032e+00,8.63444994e-01
"2006M01",4.25000000e+00,4.47000000e+00,7.77330873e+00,2.11985136e+00,-2.55897278e-01,9.06466680e-01
"2006M02",4.25000000e+00,4.52000000e+00,7.01187097e+00,2.11517760e+00,1.33415995e-01,8.59193735e-01
"2006M03",4.25000000e+00,5.00000000e+00,7.02782965e+00,2.14476348e+00,2.87104431e+00,9.45412923e-01
"2006M04",4.27500000e+00,4.86000000e+00,7.21422985e+00,2.33471760e+00,-2.24835888e+00,8.77156793e-01
"2006M05",4.50000000e+00,5.05000000e+00,7.34032597e+00,2.38001751e+00,1.33655553e+00,9.55153344e-01
"2006M06",4.57954545e+00,5.05000000e+00,7.28095428e+00,2.56266956e+00,3.48051486e+00,9.30420968e-01
"2006M07",4.78571429e+00,5.31000000e+00,6.79909999e+00,2.51389076e+00,3.26339621e+00,8.29335851e-01
"2006M08",5.00000000e+00,5.31000000e+00,6.76223599e+00,2.63629433e+00,1.36979909e+00,7.29218516e-01
"2006M09",5.00000000e+00,5.34000000e+00,5.54184807e+00,2.57262778e+00,3.48737605e+00,6.65412679e-01
"2006M10",5.00000000e+00,5.31000000e+00,3.78014769e+00,2.46625160e+00,2.38959255e+00,5.83621021e-01
"2006M11",5.00000000e+00,5.31000000e+00,4.30695014e+00,2.25852035e+00,4.52342643e-01,3.53052779e-01
"2006M12",5.00000000e+00,5.17000000e+00,5.63095854e+00,2.28919845e+00,3.53498083e+00,4.66490384e-01
"2007M01",5.00000000e+00,5.33000000e+00,6.03839729e+00,2.46970128e+00,3.19631938e+00,3.71026531e-01
"2007M02",5.00000000e+00,5.41000000e+00,6.41164802e+00,2.52433567e+00,2.39699277e+00,4.41999497e-01
"2007M03",5.02272727e+00,5.30000000e+00,6.78837849e+00,2.34917876e+00,4.54427677e+00,5.90069768e-01
"2007M04",5.28571429e+00,5.29000000e+00,6.20490559e+00,2.18688607e+00,-2.32935462e-01,4.86570137e-01
"2007M05",5.50000000e+00,5.28000000e+00,5.32113145e+00,2.05439452e+00,1.71543483e+00,4.92598886e-01
"2007M06",5.50000000e+00,5.31000000e+00,5.17686436e+00,1.96777792e+00,2.55970370e+00,3.73608199e-01
"2007M07",5.50000000e+00,5.28000000e+00,5.43633107e+00,2.02055554e+00,2.12260065e+00,3.14992412e-01
"2007M08",5.50000000e+00,4.96000000e+00,6.02364259e+00,1.96540016e+00,1.41857520e+00,1.55718555e-01
"2007M09",5.52500000e+00,4.58000000e+00,7.07530277e+00,2.08053186e+00,4.14384366e-01,7.52052542e-02
"2007M10",5.75000000e+00,4.60000000e+00,7.43397949e+00,2.16001206e+00,-7.15820286e-01,-3.44558555e-02
"2007M11",6.01136364e+00,4.66000000e+00,8.73626087e+00,2.30897893e+00,5.55130613e-01,-2.29572614e-01
"2007M12",6.28571429e+00,3.06000000e+00,8.38471010e+00,2.37496611e+00,8.95911664e-01,-2.77650042e-01
"2008M01",6.50000000e+00,3.22000000e+00,8.05510875e+00,2.16934289e+00,1.33651045e+00,-4.29640683e-01
"2008M02",6.50000000e+00,3.01000000e+00,8.39954278e+00,2.05122323e+00,3.67371227e-01,-3.19539879e-01
"2008M03",6.53571429e+00,2.51000000e+00,8.70906381e+00,2.14653903e+00,-1.94111933e+00,-3.94947388e-01
"2008M04",6.75000000e+00,2.37000000e+00,9.86575162e+00,2.06231011e+00,1.14743745e+00,-4.80936344e-01
"2008M05",6.75000000e+00,1.98000000e+00,1.15482903e+01,2.12616795e+00,1.32823834e+00,-7.11443059e-01
"2008M06",6.75000000e+00,2.47000000e+00,1.27133499e+01,2.18994001e+00,1.22001825e+00,-9.21512287e-01
"2008M07",6.88043478e+00,2.09000000e+00,1.32394454e+01,2.21968103e+00,-9.17768933e-01,-1.11933807e+00
"2008M08",7.25000000e+00,1.94000000e+00,1.28268141e+01,2.19370008e+00,4.07475408e-01,-1.32795005e+00
"2008M09",7.25000000e+00,2.03000000e+00,1.19988289e+01,2.02337430e+00,-6.86545902e-01,-1.56048624e+00
"2008M10",7.25000000e+00,2.20000000e-01,1.21568168e+01,1.62118956e+00,-1.29188221e+00,-2.00862128e+00
"2008M11",7.25000000e+00,5.20000000e-01,1.02973555e+01,1.38069029e+00,4.39170839e-01,-2.43771591e+00
"2008M12",7.25000000e+00,1.40000000e-01,8.98427810e+00,1.13140331e+00,-3.16853415e+00,-2.82908381e+00
"2009M01",7.22727273e+00,2.30000000e-01,7.58616950e+00,9.01849233e-01,-4.20996494e+00,-3.15623564e+00
"2009M02",6.95000000e+00,2.20000000e-01,6.29568533e+00,8.83920561e-01,-3.71609043e+00,-3.52728442e+00
"2009M03",6.45454545e+00,1.60000000e-01,4.87763253e+00,7.59566618e-01,-4.28792869e+00,-3.92432236e+00
"2009M04",6.11363636e+00,2.00000000e-01,3.55853333e+00,9.23638913e-01,-3.45424727e+00,-4.26680735e+00
"2009M05",5.75000000e+00,1.90000000e-01,2.26838041e+00,8.18940188e-01,-3.25537811e+00,-4.43556076e+00
"2009M06",5.54545455e+00,2.20000000e-01,6.15318335e-01,7.17565184e-01,-3.27009962e+00,-4.31216720e+00
"2009M07",5.20652174e+00,1.80000000e-01,-3.02505524e-01,6.23634282e-01,-1.34049679e+00,-4.04153491e+00
"2009M08",4.75000000e+00,1.50000000e-01,-7.34934476e-01,6.48834548e-01,-1.34744415e+00,-3.69909129e+00
"2009M09",4.63636364e+00,7.00000000e-02,3.28317513e-02,7.22563654e-01,-1.05989492e+00,-3.32528657e+00
"2009M10",4.50000000e+00,1.10000000e-01,-6.55632571e-01,1.23227573e+00,7.16949873e-01,-2.95227906e+00
"2009M11",4.50000000e+00,1.30000000e-01,-6.11722911e-01,1.36412974e+00,-7.52650222e-01,-2.31738158e+00
"2009M12",4.50000000e+00,5.00000000e-02,-2.79153977e-01,1.49823571e+00,6.94263282e-01,-1.78477917e+00
"2010M01",4.50000000e+00,1.20000000e-01,1.42240606e+00,1.67676707e+00,-6.98658540e-01,-1.35338488e+00
"2010M02",4.50000000e+00,1.30000000e-01,2.45444556e+00,1.68438801e+00,-1.03592778e+00,-1.09719600e+00
"2010M03",4.50000000e+00,9.00000000e-02,3.85498331e+00,1.76136630e+00,-4.37656546e-01,-8.39047767e-01
"2010M04",4.50000000e+00,2.00000000e-01,3.68179719e+00,1.59026271e+00,-1.37425152e+00,-6.11762597e-01
"2010M05",4.50000000e+00,1.90000000e-01,3.44777491e+00,1.62360381e+00,-7.40796250e-01,-5.00270663e-02
"2010M06",4.50000000e+00,9.00000000e-02,3.98687910e+00,1.54359567e+00,-1.21175338e+00,2.25339861e-01
"2010M07",4.50000000e+00,1.80000000e-01,4.03768145e+00,1.45987994e+00,-9.08420535e-01,2.24003973e-01
"2010M08",4.50000000e+00,2.10000000e-01,4.01391676e+00,1.40766891e+00,-1.93150221e+00,2.69709804e-01
"2010M09",4.50000000e+00,1.50000000e-01,3.68970242e+00,1.28849153e+00,-1.00708460e+00,2.34648044e-01
"2010M10",4.50000000e+00,2.00000000e-01,4.40727485e+00,1.07300401e+00,3.54415677e-01,4.30844081e-01
"2010M11",4.50000000e+00,2.00000000e-01,5.12056337e+00,1.11533612e+00,-8.94736218e-01,2.54428860e-01
"2010M12",4.50000000e+00,1.30000000e-01,5.25312914e+00,1.05120384e+00,1.83076040e+00,5.21790376e-01
"2011M01",4.50000000e+00,1.70000000e-01,4.72497493e+00,1.11718086e+00,8.96880815e-01,2.01458377e-01
"2011M02",4.50000000e+00,1.60000000e-01,5.05429580e+00,1.20461963e+00,-2.62828250e-01,2.37310466e-01
"2011M03",4.50000000e+00,1.00000000e-01,4.76555305e+00,1.20725366e+00,8.83297318e-01,3.60669198e-01
"2011M04",4.75000000e+00,9.00000000e-02,5.60617758e+00,1.38506369e+00,1.14753207e+00,5.03662488e-01
"2011M05",4.75000000e+00,1.00000000e-01,6.20064181e+00,1.51207150e+00,6.30396774e-01,6.17902778e-01
"2011M06",4.75000000e+00,7.00000000e-02,6.22929117e+00,1.57387835e+00,1.77998568e+00,5.44483572e-01
"2011M07",4.75000000e+00,1.10000000e-01,6.79830238e+00,1.71958184e+00,1.51899748e+00,7.17973763e-01
"2011M08",5.00000000e+00,8.00000000e-02,7.35294789e+00,1.82291402e+00,6.04404831e-01,4.68754320e-01
"2011M09",5.00000000e+00,6.00000000e-02,6.99636545e+00,1.83390270e+00,1.28766305e+00,5.51526172e-01
"2011M10",5.50000000e+00,9.00000000e-02,6.43264215e+00,1.72967644e+00,-7.82934689e-01,5.46534074e-01
"2011M11",5.50000000e+00,1.00000000e-01,5.88183154e+00,1.81135701e+00,1.77470734e-01,5.73747132e-01
"2011M12",5.50000000e+00,4.00000000e-02,6.01539227e+00,1.95571159e+00,2.84846161e-01,6.07255757e-01
"2012M01",5.50000000e+00,1.10000000e-01,5.35238339e+00,2.04051832e+00,-3.54119447e-01,7.19929700e-01
"2012M02",5.50000000e+00,1.00000000e-01,5.08844646e+00,2.00560049e+00,-4.56508930e-01,7.75004956e-01
"2012M03",5.50000000e+00,9.00000000e-02,4.55253000e+00,2.02421917e+00,6.01166643e-01,9.38191264e-01
"2012M04",5.50000000e+00,1.60000000e-01,4.18566437e+00,1.94627362e+00,-2.18168577e+00,8.82672644e-01
"2012M05",5.50000000e+00,1.60000000e-01,3.82260353e+00,1.81026015e+00,-1.19182654e+00,8.56652769e-01
"2012M06",5.50000000e+00,9.00000000e-02,3.41413772e+00,1.80290798e+00,3.15767364e-01,7.05412946e-01
"2012M07",5.00000000e+00,1.30000000e-01,2.82051959e+00,1.75831568e+00,-9.95070587e-01,6.53289788e-01
"2012M08",5.00000000e+00,1.30000000e-01,2.67527723e+00,1.62268550e+00,-5.14241993e-01,6.55126644e-01
"2012M09",5.00000000e+00,9.00000000e-02,3.22773684e+00,1.67745380e+00,1.37905240e-01,6.18972375e-01
"2012M10",5.00000000e+00,1.80000000e-01,3.29301451e+00,1.87182083e+00,-2.20934998e-02,5.35907230e-01
"2012M11",5.00000000e+00,1.60000000e-01,3.06658485e+00,1.76735881e+00,-5.86978534e-01,3.79090520e-01
"2012M12",5.00000000e+00,9.00000000e-02,3.38827192e+00,1.67574578e+00,5.43129286e-01,4.29060853e-01
"2013M01",5.00000000e+00,1.50000000e-01,3.78448485e+00,1.57905377e+00,4.86839072e-01,4.36231341e-01
"2013M02",5.00000000e+00,1.40000000e-01,4.09904723e+00,1.54808672e+00,-5.39858533e-02,6.99785391e-01
"2013M03",5.00000000e+00,9.00000000e-02,4.24701970e+00,1.46988892e+00,-6.78793980e-01,7.47152130e-01
"2013M04",5.25000000e+00,1.40000000e-01,4.04426700e+00,1.36766727e+00,1.16670052e+00,6.26050176e-01
"2013M05",5.25000000e+00,9.00000000e-02,4.18166724e+00,1.38330489e+00,2.70133350e-01,5.79465948e-01
"2013M06",5.25000000e+00,7.00000000e-02,4.68234213e+00,1.45304306e+00,-3.91957776e-01,6.15249420e-01
"2013M07",5.25000000e+00,9.00000000e-02,4.63100031e+00,1.47699922e+00,-5.15113626e-01,6.99295173e-01
"2013M08",5.25000000e+00,7.00000000e-02,4.32032630e+00,1.52161539e+00,3.21417639e-01,8.19276769e-01
"2013M09",5.25000000e+00,6.00000000e-02,4.12429586e+00,1.51765124e+00,-2.39365137e-01,7.73998818e-01
"2013M10",5.00000000e+00,7.00000000e-02,4.07048572e+00,1.44433720e+00,-4.30356020e-01,5.76907784e-01
"2013M11",5.00000000e+00,7.00000000e-02,4.52671200e+00,1.50290925e+00,4.32487072e-01,6.39951581e-01
"2013M12",5.00000000e+00,7.00000000e-02,4.29388131e+00,1.53551233e+00,-1.71475536e+00,7.00251369e-01
"2014M01",5.00000000e+00,7.00000000e-02,4.05610909e+00,1.44201432e+00,-1.29490311e-01,6.89958193e-01
"2014M02",5.00000000e+00,6.00000000e-02,3.44404899e+00,1.38054428e+00,1.17053107e+00,6.25243477e-01
"2014M03",5.00000000e+00,6.00000000e-02,3.19442886e+00,1.43704790e+00,1.49661929e-01,6.17161363e-01
"2014M04",4.75000000e+00,9.00000000e-02,3.21503315e+00,1.55904927e+00,1.20042748e+00,7.83988830e-01
"2014M05",4.75000000e+00,8.00000000e-02,3.17208756e+00,1.61061592e+00,1.56077722e+00,7.64383084e-01
"2014M06",4.75000000e+00,9.00000000e-02,3.08413676e+00,1.55144746e+00,6.85227057e-01,9.34219200e-01
"2014M07",4.50000000e+00,8.00000000e-02,3.35692217e+00,1.59749318e+00,1.19248803e+00,7.77542664e-01
"2014M08",4.50000000e+00,7.00000000e-02,3.63298906e+00,1.52801477e+00,7.35032347e-01,8.46489662e-01
"2014M09",4.50000000e+00,7.00000000e-02,3.39366850e+00,1.54288415e+00,5.31234495e-01,9.29283689e-01
"2014M10",4.50000000e+00,7.00000000e-02,3.57273309e+00,1.46020131e+00,4.73968679e-01,1.12574255e+00
"2014M11",4.50000000e+00,8.00000000e-02,3.32044954e+00,1.38297125e+00,1.05389851e+00,1.00785210e+00
"2014M12",4.00000000e+00,6.00000000e-02,2.90473288e+00,1.34723025e+00,1.57555091e-01,8.84537809e-01
"2015M01",4.00000000e+00,6.00000000e-02,2.29578889e+00,1.20245282e+00,4.28394062e-01,8.36127483e-01
"2015M02",4.00000000e+00,6.00000000e-02,2.40996184e+00,1.26939066e+00,7.46252134e-01,8.18123403e-01
"2015M03",3.50000000e+00,6.00000000e-02,2.39614408e+00,1.27270652e+00,5.93764791e-01,9.12960746e-01
"2015M04",3.50000000e+00,8.00000000e-02,2.54345024e+00,1.28606747e+00,-7.14812416e-02,8.67579501e-01
"2015M05",3.50000000e+00,8.00000000e-02,2.52099877e+00,1.23948764e+00,-3.94331921e-01,7.88271821e-01
"2015M06",3.50000000e+00,8.00000000e-02,2.35704003e+00,1.24635501e+00,6.95172448e-01,7.90494741e-01
"2015M07",3.25000000e+00,8.00000000e-02,2.29371722e+00,1.17205453e+00,1.56831025e+00,8.23321980e-01
"2015M08",3.25000000e+00,8.00000000e-02,1.94327881e+00,1.21385748e+00,7.86810886e-01,7.39788973e-01
"2015M09",3.25000000e+00,7.00000000e-02,1.85899285e+00,1.22459594e+00,5.15339463e-01,8.09850173e-01
"2015M10",3.00000000e+00,7.00000000e-02,2.20507782e+00,1.17110440e+00,2.94739654e-01,6.52629046e-01
"2015M11",3.00000000e+00,8.00000000e-02,2.48184871e+00,1.18959819e+00,-2.44243161e-02,5.71592172e-01
"2015M12",3.00000000e+00,2.00000000e-01,3.02016781e+00,1.18465585e+00,-7.85809322e-01,5.12536528e-01
"2016M01",3.00000000e+00,2.90000000e-01,4.28464656e+00,1.39644443e+00,-8.00434645e-01,5.27111040e-01
"2016M02",3.00000000e+00,2.90000000e-01,4.18214101e+00,1.45524572e+00,-1.41273785e+00,4.15762903e-01
"2016M03",3.00000000e+00,2.50000000e-01,4.17348197e+00,1.44692922e+00,-1.96861993e+00,4.39417058e-01
"2016M04",3.00000000e+00,3.00000000e-01,4.00598637e+00,1.50851319e+00,3.02292337e-01,4.03321367e-01
"2016M05",3.00000000e+00,2.90000000e-01,4.26437152e+00,1.55655540e+00,-8.48161593e-01,5.63215588e-01
"2016M06",3.00000000e+00,3.00000000e-01,4.33727857e+00,1.54047744e+00,-1.13437336e+00,5.11041871e-01
"2016M07",3.00000000e+00,3.00000000e-01,4.51510848e+00,1.58667724e+00,-2.19961333e+00,5.72176959e-01
"2016M08",3.00000000e+00,3.00000000e-01,4.63155005e+00,1.68272096e+00,-2.45192123e-01,5.09867854e-01
"2016M09",3.00000000e+00,2.90000000e-01,4.45785767e+00,1.67121168e+00,6.63245772e-01,4.29799557e-01
"2016M10",3.00000000e+00,3.10000000e-01,4.65011686e+00,1.76670973e+00,-5.33984220e-01,3.64679469e-01
"2016M11",3.00000000e+00,3.10000000e-01,4.56567721e+00,1.70425390e+00,1.06618844e+00,3.16464168e-01
"2016M12",3.00000000e+00,5.50000000e-01,4.14529592e+00,1.75460953e+00,8.66511528e-01,1.72869944e-01
"2017M01",3.00000000e+00,5.60000000e-01,3.75623510e+00,1.84618754e+00,7.19034937e-01,-8.24653147e-02
"2017M02",3.00000000e+00,5.70000000e-01,3.88142918e+00,1.85005555e+00,4.05697183e-01,1.11493739e-01
"2017M03",3.00000000e+00,8.20000000e-01,3.92051163e+00,1.66472093e+00,6.01400277e-01,2.85224262e-01
"2017M04",3.00000000e+00,8.30000000e-01,4.00735970e+00,1.62356983e+00,-2.15705806e-01,4.98533372e-01
"2017M05",3.00000000e+00,8.30000000e-01,3.85757599e+00,1.53369961e+00,-1.04725631e+00,7.10502527e-01
"2017M06",3.00000000e+00,1.06000000e+00,4.27234193e+00,1.56414699e+00,3.29043799e-01,8.20289029e-01
"2017M07",3.00000000e+00,1.07000000e+00,5.08788329e+00,1.49192599e+00,-7.52620208e-01,7.00784364e-01
"2017M08",3.00000000e+00,1.07000000e+00,4.60896740e+00,1.42341492e+00,-1.03200509e+00,6.71493950e-01
"2017M09",3.00000000e+00,1.06000000e+00,4.26758466e+00,1.41256355e+00,-1.14411496e+00,6.79039661e-01
"2017M10",3.00000000e+00,1.07000000e+00,4.11733933e+00,1.52925812e+00,-1.72182443e+00,4.21277995e-01
"2017M11",2.75000000e+00,1.07000000e+00,4.58495496e+00,1.53355717e+00,-2.06162462e+00,1.05765457e-01
"2017M12",2.75000000e+00,1.33000000e+00,5.52160484e+00,1.56457299e+00,-1.01393145e+00,-1.79474400e-01
"2018M01",2.75000000e+00,1.34000000e+00,4.60635477e+00,1.61886245e+00,-4.24194261e-01,-4.55555134e-01
"2018M02",2.75000000e+00,1.35000000e+00,4.06718893e+00,1.63084722e+00,-1.73686040e-01,-3.18832264e-01
"2018M03",2.75000000e+00,1.67000000e+00,4.05755320e+00,1.89118696e+00,5.72673594e-01,1.03976008e-01
"2018M04",2.75000000e+00,1.69000000e+00,3.84545396e+00,1.86668776e+00,1.10954737e+00,5.51048919e-01
"2018M05",2.75000000e+00,1.70000000e+00,4.00524678e+00,1.96153782e+00,9.59744265e-01,9.94912913e-01
"2018M06",2.75000000e+00,1.91000000e+00,3.72020113e+00,1.91771358e+00,1.56838403e+00,1.02298616e+00
"2018M07",2.75000000e+00,1.91000000e+00,2.57191211e+00,1.97614541e+00,9.33476701e-01,9.72971541e-01
"2018M08",2.75000000e+00,1.91000000e+00,3.30960622e+00,1.87801734e+00,6.52207204e-01,8.87470818e-01
"2018M09",2.75000000e+00,2.18000000e+00,4.45148544e+00,1.94132897e+00,-3.48090010e-01,8.48903172e-01
"2018M10",2.75000000e+00,2.20000000e+00,4.24614885e+00,1.85362119e+00,-2.21181304e-01,4.08363454e-01
"2018M11",2.75000000e+00,2.20000000e+00,3.09975878e+00,1.99030653e+00,-1.39311947e+00,-9.91556422e-02
"2018M12",2.75000000e+00,2.40000000e+00,2.28657255e+00,2.01758901e+00,-2.33634820e+00,-6.08624308e-01
"2019M01",2.75000000e+00,2.40000000e+00,4.02285600e+00,1.82762338e+00,-8.62623608e-01,-1.09918647e+00
"2019M02",2.75000000e+00,2.40000000e+00,4.36192496e+00,1.72907066e+00,-7.82163661e-02,-8.27986160e-01
"2019M03",2.75000000e+00,2.43000000e+00,4.08639287e+00,1.60314862e+00,9.80223409e-02,-3.76448703e-01
"2019M04",2.75000000e+00,2.45000000e+00,4.64349549e+00,1.62352797e+00,1.10453092e+00,3.80051055e-01
"2019M05",2.75000000e+00,2.40000000e+00,4.43707820e+00,1.55108374e+00,1.82811535e+00,7.78098692e-01
"2019M06",2.75000000e+00,2.40000000e+00,4.68835859e+00,1.64340316e+00,1.57718418e+00,9.73730262e-01
"2019M07",2.75000000e+00,2.40000000e+00,4.27687254e+00,1.62583072e+00,1.54089085e+00,8.41765915e-01
"2019M08",2.75000000e+00,2.13000000e+00,2.96843630e+00,1.73074049e+00,1.33109335e+00,7.53327037e-01
"2019M09",2.75000000e+00,1.90000000e+00,1.78828294e+00,1.61883988e+00,8.66858383e-01,7.17484877e-01
"2019M10",2.75000000e+00,1.58000000e+00,2.14643792e+00,1.61054675e+00,7.62359459e-02,2.13037562e-01
"2019M11",2.75000000e+00,1.56000000e+00,2.87893219e+00,1.48661326e+00,6.12282252e-02,-2.75420993e-01
"2019M12",2.75000000e+00,1.55000000e+00,3.34882331e+00,1.53294125e+00,-1.70662821e+00,-9.68945313e-01
"2020M01",2.75000000e+00,1.59000000e+00,1.76869537e+00,1.56061771e+00,-7.28323566e-01,-1.33900550e+00
"2020M02",2.75000000e+00,1.58000000e+00,1.22832366e+00,1.65765882e+00,-1.49992943e+00,-1.07772384e+00
"2020M03",2.75000000e+00,8.00000000e-02,1.75293072e+00,1.48133734e+00,-7.73341725e+00,-1.31455093e+00
"2020M04",2.00000000e+00,5.00000000e-02,1.86180296e+00,9.55091324e-01,-1.24486650e+01,-1.24170925e+01
"2020M05",2.00000000e+00,5.00000000e-02,1.78696001e+00,9.61781931e-01,-1.29648198e+01,-1.02775052e+01
"2020M06",2.00000000e+00,8.00000000e-02,2.36093944e+00,9.33252325e-01,-1.06736988e+01,-8.58525448e+00
"2020M07",1.75000000e+00,1.00000000e-01,2.83771264e+00,1.17175731e+00,-6.53671894e+00,-8.41078904e+00
"2020M08",1.75000000e+00,9.00000000e-02,4.10217177e+00,1.37588760e+00,-4.20053183e+00,-7.44169348e+00
"2020M09",1.75000000e+00,9.00000000e-02,4.84620802e+00,1.45461976e+00,-2.55188050e+00,-7.04713492e+00
"2020M10",1.75000000e+00,9.00000000e-02,5.20661731e+00,1.37664586e+00,-1.09143331e+00,-6.83863281e+00
"2020M11",1.75000000e+00,9.00000000e-02,5.31893318e+00,1.41748928e+00,1.40808488e+00,-6.21860258e+00
"2020M12",1.75000000e+00,9.00000000e-02,4.71096610e+00,1.50507536e+00,6.51224487e+00,5.52249171e+00
"2021M01",1.75000000e+00,7.00000000e-02,5.10564503e+00,1.66661033e+00,6.98798842e+00,4.51531223e+00
"2021M02",1.75000000e+00,7.00000000e-02,5.82461415e+00,1.69827108e+00,8.13983394e+00,4.14835344e+00
"2021M03",1.75000000e+00,6.00000000e-02,5.67737637e+00,2.17697988e+00,8.46114368e+00,2.58760805e+00
"2021M04",1.75000000e+00,5.00000000e-02,5.07320485e+00,3.10971447e+00,6.95122935e+00,2.42024610e+00
"2021M05",1.75000000e+00,5.00000000e-02,5.04388868e+00,3.51421985e+00,4.95518249e+00,2.75518557e+00
"2021M06",1.75000000e+00,8.00000000e-02,3.83282070e+00,3.81416878e+00,3.04421324e+00,2.35911265e+00
"2021M07",1.75000000e+00,7.00000000e-02,3.74423986e+00,3.89090125e+00,3.26762610e+00,2.72558507e+00
"2021M08",1.75000000e+00,6.00000000e-02,3.55138538e+00,3.91439589e+00,7.57925815e-01,2.81621961e+00
"2021M09",1.75000000e+00,6.00000000e-02,3.60526409e+00,3.96421157e+00,1.11968039e+00,2.80130835e+00
"2021M10",1.75000000e+00,7.00000000e-02,2.91324806e+00,4.37251433e+00,1.41044884e+00,2.52831149e+00
"2021M11",1.75000000e+00,7.00000000e-02,2.84511382e+00,4.82045533e+00,7.46311825e-01,2.11281716e+00
"2021M12",1.75000000e+00,7.00000000e-02,3.02169822e+00,5.11148149e+00,1.20785409e+00,1.79473898e+00
"2022M01",1.75000000e+00,8.00000000e-02,2.82790938e+00,5.26533871e+00,7.73810049e-01,1.25210593e+00
"2022M02",1.75000000e+00,8.00000000e-02,2.93624498e+00,5.49531086e+00,2.65812117e-01,1.64617642e+00
"2022M03",1.75000000e+00,3.30000000e-01,4.08647059e+00,5.47690707e+00,9.48756217e-01,1.77975943e+00
"2022M04",1.75000000e+00,3.30000000e-01,4.51645519e+00,5.21014365e+00,1.30111927e+00,2.20103841e+00
"2022M05",2.00000000e+00,8.30000000e-01,5.65443927e+00,5.05580770e+00,1.17631140e+00,2.34614261e+00
"2022M06",2.25000000e+00,1.58000000e+00,7.28211265e+00,5.18659008e+00,5.50206071e-01,2.23353232e+00
"2022M07",2.25000000e+00,2.32000000e+00,8.02566147e+00,4.98628096e+00,2.59190111e-01,1.92199063e+00
"2022M08",2.75000000e+00,2.33000000e+00,8.50269869e+00,5.21801776e+00,4.45100386e-01,1.42677317e+00
"2022M09",3.00000000e+00,3.08000000e+00,8.64892053e+00,5.45504298e+00,4.37932739e-01,1.35308300e+00
"2022M10",3.00000000e+00,3.08000000e+00,9.26187101e+00,5.31611488e+00,3.62743282e-02,7.31957710e-01
"2022M11",3.75000000e+00,3.83000000e+00,8.77085752e+00,5.07001154e+00,-2.60034707e-01,2.42154702e-01
"2022M12",3.75000000e+00,4.33000000e+00,8.83431703e+00,4.83294960e+00,-1.59470559e-01,-1.55452184e-01
"2023M01",4.25000000e+00,4.33000000e+00,9.24923890e+00,4.82678630e+00,-5.87515122e-01,-2.42610610e-01
"2023M02",4.50000000e+00,4.57000000e+00,9.46064937e+00,4.74889080e+00,5.83200102e-01,-1.87653072e-01
"2023M03",4.50000000e+00,4.83000000e+00,8.35404789e+00,4.66134033e+00,1.02558560e+00,2.27577164e-02
"2023M04",4.75000000e+00,4.83000000e+00,7.98809370e+00,4.66776685e+00,3.11622317e-01,5.87864061e-01
"2023M05",5.00000000e+00,5.08000000e+00,6.33072627e+00,4.60102115e+00,7.47226464e-01,7.39876419e-01
"2023M06",5.00000000e+00,5.08000000e+00,4.81163464e+00,4.27366464e+00,1.90851261e+00,8.88361100e-01
"2023M07",5.00000000e+00,5.33000000e+00,4.43454791e+00,4.18382438e+00,1.25090548e+00,8.06353616e-01
"2023M08",5.00000000e+00,5.33000000e+00,4.37601357e+00,3.71175927e+00,4.09027713e-01,5.28871783e-01
"2023M09",5.00000000e+00,5.33000000e+00,4.58050228e+00,3.59172785e+00,4.88572014e-01,2.87665809e-01
"2023M10",5.00000000e+00,5.33000000e+00,4.86275892e+00,3.38441777e+00,-2.63249830e+00,1.06197791e-01
"2023M11",5.00000000e+00,5.33000000e+00,4.21053106e+00,3.17087482e+00,-1.56297931e+00,-1.81474496e-01
"2023M12",5.00000000e+00,5.33000000e+00,4.09199880e+00,2.99047568e+00,-1.20897826e+00,-4.50697630e-01
"2024M01",5.00000000e+00,5.33000000e+00,3.74265160e+00,3.01882520e+00,-1.83024375e-01,-4.68098990e-01
"2024M02",5.00000000e+00,5.33000000e+00,3.24711008e+00,2.88681218e+00,-6.89298966e-01,-5.15824716e-01
"2024M03",5.00000000e+00,5.33000000e+00,3.17735540e+00,2.93608394e+00,-1.07833931e+00,-1.65881538e-01
"2024M04",5.00000000e+00,5.33000000e+00,3.30226322e+00,2.84422652e+00,6.17601269e-01,2.25973390e-01
"2024M05",5.00000000e+00,5.33000000e+00,3.69025730e+00,2.63253800e+00,9.36519332e-01,4.41747769e-01
"2024M06",5.00000000e+00,5.33000000e+00,3.55281898e+00,2.59647462e+00,1.69452740e+00,4.84536077e-01
"2024M07",5.00000000e+00,5.33000000e+00,3.71276136e+00,2.62714590e+00,1.59337543e+00,3.43980496e-01
"2024M08",5.00000000e+00,5.33000000e+00,3.03025895e+00,2.68147064e+00,1.67533217e+00,2.49953207e-01
"2024M09",5.00000000e+00,4.83000000e+00,2.08436004e+00,2.61625860e+00,1.13002838e+00,2.25446926e-02
"2024M10",4.75000000e+00,4.83000000e+00,1.16194253e+00,NaN,NaN,-1.58297184e-01