"Variables ->","i","i_star","D4L_cpi","D4L_ner","D4L_MB","D4L_REM","D4L_pet","gdp_gap_star","gdp_gap"
"Comments ->","","","","","","","","",""
"Class[Size] ->","Series[286-by-1]","Series[286-by-1]","Series[286-by-1]","Series[286-by-1]","Series[286-by-1]","Series[286-by-1]","Series[286-by-1]","Series[286-by-1]","Series[286-by-1]"
"2001M01",5.72000000e+00,5.74000000e+00,NaN,NaN,NaN,NaN,NaN,NaN,NaN
"2001M02",6.24000000e+00,5.59000000e+00,NaN,NaN,NaN,NaN,NaN,NaN,NaN
"2001M03",5.40000000e+00,5.29000000e+00,NaN,NaN,NaN,NaN,NaN,NaN,NaN
"2001M04",4.42000000e+00,4.67000000e+00,NaN,NaN,NaN,NaN,NaN,NaN,NaN
"2001M05",5.05000000e+00,4.24000000e+00,NaN,NaN,NaN,NaN,NaN,NaN,NaN
"2001M06",4.98000000e+00,3.95000000e+00,NaN,NaN,NaN,NaN,NaN,NaN,NaN
"2001M07",4.83000000e+00,3.82000000e+00,NaN,NaN,NaN,NaN,NaN,NaN,NaN
"2001M08",4.83000000e+00,3.66000000e+00,NaN,NaN,NaN,NaN,NaN,NaN,NaN
"2001M09",4.63000000e+00,2.75000000e+00,NaN,NaN,NaN,NaN,NaN,NaN,NaN
"2001M10",4.47000000e+00,2.66000000e+00,NaN,NaN,NaN,NaN,NaN,NaN,NaN
"2001M11",4.93000000e+00,2.06000000e+00,NaN,NaN,NaN,NaN,NaN,NaN,NaN
"2001M12",4.52000000e+00,1.52000000e+00,NaN,NaN,NaN,NaN,NaN,-1.41539438e+00,5.49159746e-01
"2002M01",4.53000000e+00,1.85000000e+00,8.47893187e+00,2.78146882e+00,1.70581609e+01,NaN,-4.05923929e+01,-1.50422240e+00,4.34365642e-01
"2002M02",4.23000000e+00,1.83000000e+00,8.62684377e+00,2.55115877e+00,1.11703783e+01,NaN,-3.56817156e+01,-1.43754229e+00,7.69470840e-01
"2002M03",5.25000000e+00,1.74000000e+00,8.73441352e+00,2.69074529e+00,1.59006074e+01,NaN,-1.04915710e+01,-1.31199854e+00,3.60161967e-01
"2002M04",4.56000000e+00,1.82000000e+00,8.84975015e+00,8.99171119e-01,1.52306334e+01,NaN,-4.88612669e+00,-1.21281878e+00,1.49536272e+00
"2002M05",4.31000000e+00,1.79000000e+00,8.90400691e+00,1.27878980e+00,1.30122833e+01,NaN,-5.70556852e+00,-1.07710071e+00,2.38634904e+00
"2002M06",4.39000000e+00,1.73000000e+00,8.74512660e+00,1.27390258e+00,1.10777226e+01,NaN,-7.83775863e+00,-7.37974253e-01,7.23862795e-01
"2002M07",4.11000000e+00,1.76000000e+00,8.70748190e+00,7.66287275e-01,1.19221693e+01,NaN,2.02823556e+00,-5.94738029e-01,9.74735699e-02
"2002M08",4.91000000e+00,1.81000000e+00,7.44234730e+00,-1.02433674e+00,1.34160716e+01,NaN,3.62703556e+00,-4.20548385e-01,-8.07428609e-02
"2002M09",4.45000000e+00,1.85000000e+00,6.86117755e+00,-2.16155905e+00,4.74525539e+00,NaN,1.24178012e+01,-3.66934500e-01,1.17381414e+00
"2002M10",4.47000000e+00,1.82000000e+00,6.39396715e+00,-4.79890055e+00,6.27778841e+00,NaN,2.62922287e+01,-2.61017100e-01,-4.89775974e-01
"2002M11",5.40000000e+00,1.23000000e+00,6.15151617e+00,-5.99287007e+00,2.02376800e+01,NaN,2.94234480e+01,-3.39265141e-01,-2.11310480e-01
"2002M12",2.22000000e+00,1.16000000e+00,6.13427121e+00,-3.97233520e+00,1.54259200e+01,NaN,4.18362558e+01,-3.02666336e-01,4.68288356e-01
"2003M01",1.03000000e+00,1.33000000e+00,6.01447062e+00,-2.78146882e+00,3.55321889e+00,6.83485270e+01,5.13536856e+01,-2.30107880e-01,4.57828507e-01
"2003M02",4.13000000e+00,1.33000000e+00,5.82807736e+00,-1.39507653e+00,1.72536121e+01,4.03049231e+01,5.47464252e+01,-3.85702101e-01,1.98390579e-01
"2003M03",1.41000000e+00,1.38000000e+00,5.61462683e+00,0.00000000e+00,4.67096828e+00,3.88813475e+01,3.12005746e+01,-4.41727689e-01,3.55436044e-01
"2003M04",8.70000000e-01,1.31000000e+00,5.51786697e+00,1.14432272e+00,1.47529546e+01,2.63137617e+01,7.33134506e+00,-5.39129736e-01,-1.13555545e+00
"2003M05",8.20000000e-01,1.28000000e+00,5.41510262e+00,3.80469704e-01,9.14589247e+00,7.35660394e+01,3.87068825e+00,-5.93868714e-01,-1.98298410e+00
"2003M06",1.10000000e+00,1.45000000e+00,5.10953683e+00,2.52844635e-01,1.21598204e+01,2.32474879e+01,1.83632848e+01,-6.73787384e-01,-1.73274423e+00
"2003M07",1.48000000e+00,1.04000000e+00,4.54449280e+00,7.60459939e-01,1.42879243e+01,3.41170757e+01,1.31453926e+01,-5.55717485e-01,-5.59511966e-01
"2003M08",1.40000000e+00,1.01000000e+00,4.84535626e+00,1.91210414e+00,9.89569851e+00,9.73805160e+00,1.06467128e+01,-4.57389789e-01,-1.38670513e+00
"2003M09",1.45000000e+00,1.17000000e+00,5.52222293e+00,2.53820733e+00,1.23055492e+01,1.15732478e+01,-4.66517743e+00,-4.95059693e-01,-1.87203704e+00
"2003M10",1.71000000e+00,1.03000000e+00,5.67221328e+00,4.67551991e+00,1.77112064e+01,7.43105284e+00,5.07669512e+00,-2.20073354e-01,-2.36495733e+00
"2003M11",1.96000000e+00,1.01000000e+00,5.67192766e+00,5.99287007e+00,3.43234897e+00,1.92756434e+01,1.65927568e+01,-1.26753716e-03,-1.97629575e+00
"2003M12",1.83000000e+00,9.40000000e-01,5.68993129e+00,4.84788801e+00,4.55015476e+00,2.12211702e+01,8.66947928e+00,2.75976953e-01,-2.89878622e+00
"2004M01",1.83000000e+00,1.03000000e+00,6.02731649e+00,3.89741344e+00,1.13969489e+01,1.66727295e+01,4.05323111e+00,4.09304678e-01,-1.52088797e+00
"2004M02",1.94000000e+00,1.04000000e+00,6.07492509e+00,3.39015517e+00,3.21762271e+00,2.38641359e+01,-3.24417329e+00,5.62765538e-01,4.49336080e-01
"2004M03",1.86000000e+00,1.05000000e+00,6.35887031e+00,2.37362799e+00,1.25476952e+01,3.48745580e+01,9.19582118e+00,5.91480810e-01,-1.32455779e+00
"2004M04",1.92000000e+00,1.03000000e+00,6.44177460e+00,1.75443097e+00,2.56251461e+00,1.19070629e+01,2.65863740e+01,7.46099708e-01,-1.32227904e+00
"2004M05",2.10000000e+00,1.02000000e+00,7.01374992e+00,1.00756520e+00,8.57587264e+00,1.17664447e+01,3.59656366e+01,7.97542318e-01,-1.65628822e+00
"2004M06",2.26000000e+00,1.38000000e+00,7.14359078e+00,2.52206943e-01,8.10354114e+00,2.72552719e+01,2.15213573e+01,7.52263968e-01,-1.32374205e-01
"2004M07",2.72000000e+00,1.29000000e+00,7.35779374e+00,-2.52844635e-01,6.79259351e-01,7.32891847e+00,2.82107253e+01,7.09594324e-01,5.66114883e-02
"2004M08",2.41000000e+00,1.55000000e+00,7.37694754e+00,-1.26342405e-01,1.00028827e+01,1.73525767e+01,3.52180693e+01,6.41444754e-01,4.13437036e-01
"2004M09",2.08000000e+00,1.94000000e+00,7.73901861e+00,-1.00756520e+00,1.36372301e+01,1.81755145e+01,4.83977344e+01,7.03455293e-01,1.41667029e-01
"2004M10",2.07000000e+00,1.79000000e+00,8.28539391e+00,-3.39015517e+00,5.27272138e+00,1.37997445e+01,5.63160313e+01,7.03560942e-01,5.44199740e-02
"2004M11",2.43000000e+00,2.02000000e+00,8.82209511e+00,-3.91217082e+00,6.15392727e+00,3.11192452e+01,4.43448682e+01,7.26131620e-01,2.67363546e-01
"2004M12",2.68000000e+00,1.97000000e+00,8.82546892e+00,-3.16281898e+00,1.12867016e+01,1.68076057e+01,2.94910851e+01,6.26964630e-01,9.26803119e-01
"2005M01",2.55000000e+00,2.50000000e+00,8.65358769e+00,-4.41155339e+00,6.91016747e+00,7.32638270e+00,3.11236632e+01,5.87246870e-01,-6.43020010e-01
"2005M02",2.61000000e+00,2.52000000e+00,8.65127679e+00,-4.80496976e+00,1.10877364e+01,1.03835129e+01,3.27999547e+01,5.50914355e-01,6.45479359e-01
"2005M03",2.75000000e+00,2.96000000e+00,8.40307488e+00,-6.10876920e+00,1.01456927e+01,7.84550572e+00,3.88536091e+01,6.21906265e-01,-1.45786934e-01
"2005M04",2.75000000e+00,2.97000000e+00,8.50533104e+00,-5.62089196e+00,1.08814335e+01,2.15664674e+01,3.65758282e+01,6.37027097e-01,9.03782996e-01
"2005M05",2.82954545e+00,3.09000000e+00,8.17959775e+00,-5.01068201e+00,1.29175870e+01,2.63312581e+01,2.12962731e+01,6.48279118e-01,1.00688922e+00
"2005M06",3.00000000e+00,3.35000000e+00,8.43491589e+00,-4.24501034e+00,1.22781190e+01,2.07845614e+01,3.93372472e+01,7.08968981e-01,-6.34442334e-01
"2005M07",3.05952381e+00,3.31000000e+00,8.89326567e+00,-4.00311681e+00,1.76605106e+01,1.73733640e+01,3.69316114e+01,7.60882837e-01,-1.08277324e+00
"2005M08",3.33695652e+00,3.63000000e+00,8.96011280e+00,-4.12961904e+00,8.53604998e+00,1.28171660e+01,3.69651162e+01,8.25029176e-01,-1.51113351e+00
"2005M09",3.61363636e+00,3.93000000e+00,9.02686570e+00,-3.60863898e+00,1.09437623e+01,1.31641033e+01,3.56129520e+01,7.86942640e-01,-1.36308447e+00
"2005M10",3.75000000e+00,4.02000000e+00,9.79278020e+00,-1.93429628e+00,1.39404973e+01,2.43845217e+01,1.55749201e+01,8.01640710e-01,-4.05365787e+00
"2005M11",3.84090909e+00,4.03000000e+00,8.84502531e+00,-2.08069925e+00,1.33146024e+01,1.15197901e+01,1.85063535e+01,7.95972264e-01,-2.70142888e+00
"2005M12",4.11363636e+00,4.09000000e+00,8.21948569e+00,-2.20931663e+00,1.02948596e+01,1.60182581e+01,3.19823241e+01,8.63444994e-01,1.30972032e+00
"2006M01",4.25000000e+00,4.47000000e+00,7.77330873e+00,-1.82059645e+00,2.10748693e+01,1.72327470e+01,3.35147620e+01,9.06466680e-01,-2.55897278e-01
"2006M02",4.25000000e+00,4.52000000e+00,7.01187097e+00,-1.43511922e+00,1.46625108e+01,2.23339803e+01,2.46866568e+01,8.59193735e-01,1.33415995e-01
"2006M03",4.25000000e+00,5.00000000e+00,7.02782965e+00,0.00000000e+00,1.35429980e+01,1.59064695e+01,1.45687981e+01,9.45412923e-01,2.87104431e+00
"2006M04",4.27500000e+00,4.86000000e+00,7.21422985e+00,-2.63158047e-01,1.54967333e+01,1.16597030e+01,2.70619617e+01,8.77156793e-01,-2.24835888e+00
"2006M05",4.50000000e+00,5.05000000e+00,7.34032597e+00,-1.31839175e-01,1.76529798e+01,2.75762980e+01,3.51787900e+01,9.55153344e-01,1.33655553e+00
"2006M06",4.57954545e+00,5.05000000e+00,7.28095428e+00,0.00000000e+00,1.84392666e+01,1.71991350e+01,2.30365645e+01,9.30420968e-01,3.48051486e+00
"2006M07",4.78571429e+00,5.31000000e+00,6.79909999e+00,-1.31839175e-01,1.47611967e+01,2.08884521e+01,2.32143318e+01,8.29335851e-01,3.26339621e+00
"2006M08",5.00000000e+00,5.31000000e+00,6.76223599e+00,-1.31839175e-01,2.13679201e+01,3.19317727e+01,1.16889085e+01,7.29218516e-01,1.36979909e+00
"2006M09",5.00000000e+00,5.34000000e+00,5.54184807e+00,-1.31319782e-01,1.64735216e+01,1.92889143e+01,-2.76505814e+00,6.65412679e-01,3.48737605e+00
"2006M10",5.00000000e+00,5.31000000e+00,3.78014769e+00,-9.15637529e-01,2.37177967e+01,1.95888348e+01,-5.55938396e+00,5.83621021e-01,2.38959255e+00
"2006M11",5.00000000e+00,5.31000000e+00,4.30695014e+00,0.00000000e+00,1.80621794e+01,1.03966472e+01,1.29468185e+00,3.53052779e-01,4.52342643e-01
"2006M12",5.00000000e+00,5.17000000e+00,5.63095854e+00,-1.31492458e-01,1.88870559e+01,9.71160192e+00,4.19782529e+00,4.66490384e-01,3.53498083e+00
"2007M01",5.00000000e+00,5.33000000e+00,6.03839729e+00,7.84317746e-01,1.70354933e+01,1.42779378e+01,-1.83506827e+01,3.71026531e-01,3.19631938e+00
"2007M02",5.00000000e+00,5.41000000e+00,6.41164802e+00,1.17571570e+00,1.91958980e+01,6.49554279e+00,-3.89116207e+00,4.41999497e-01,2.39699277e+00
"2007M03",5.02272727e+00,5.30000000e+00,6.78837849e+00,9.14441382e-01,1.88704627e+01,1.25366664e+01,-3.64444332e+00,5.90069768e-01,4.54427677e+00
"2007M04",5.28571429e+00,5.29000000e+00,6.20490559e+00,9.18039234e-01,1.43241018e+01,1.59560973e+01,-8.19924812e+00,4.86570137e-01,-2.32935462e-01
"2007M05",5.50000000e+00,5.28000000e+00,5.32113145e+00,7.88440352e-01,1.40893753e+01,8.35697484e+00,-1.10157730e+01,4.92598886e-01,1.71543483e+00
"2007M06",5.50000000e+00,5.31000000e+00,5.17686436e+00,9.15637529e-01,1.77123493e+01,1.39439414e+01,-5.00228894e+00,3.73608199e-01,2.55970370e+00
"2007M07",5.50000000e+00,5.28000000e+00,5.43633107e+00,1.31063475e+00,1.98221839e+01,2.29921454e+01,-3.95120967e-01,3.14992412e-01,2.12260065e+00
"2007M08",5.50000000e+00,4.96000000e+00,6.02364259e+00,1.04987841e+00,1.37124089e+01,1.36006549e+01,-9.44932242e-01,1.55718555e-01,1.41857520e+00
"2007M09",5.52500000e+00,4.58000000e+00,7.07530277e+00,1.17571570e+00,1.88276498e+01,1.09175754e+01,2.25238435e+01,7.52052542e-02,4.14384366e-01
"2007M10",5.75000000e+00,4.60000000e+00,7.43397949e+00,1.43511922e+00,7.28772951e+00,1.44990310e+01,3.76278479e+01,-3.44558555e-02,-7.15820286e-01
"2007M11",6.01136364e+00,4.66000000e+00,8.73626087e+00,3.93443130e-01,1.25135617e+01,1.45337905e+01,4.72543254e+01,-2.29572614e-01,5.55130613e-01
"2007M12",6.28571429e+00,3.06000000e+00,8.38471010e+00,3.93959800e-01,1.07566971e+01,1.19822755e+01,3.91907727e+01,-2.77650042e-01,8.95911664e-01
"2008M01",6.50000000e+00,3.22000000e+00,8.05510875e+00,2.60078170e-01,9.51561431e+00,9.14714035e+00,5.33967700e+01,-4.29640683e-01,1.33651045e+00
"2008M02",6.50000000e+00,3.01000000e+00,8.39954278e+00,2.59403518e-01,6.06800781e+00,1.57559983e+01,4.75677593e+01,-3.19539879e-01,3.67371227e-01
"2008M03",6.53571429e+00,2.51000000e+00,8.70906381e+00,-6.52318034e-01,4.18455024e+00,3.86217736e+00,5.56593620e+01,-3.94947388e-01,-1.94111933e+00
"2008M04",6.75000000e+00,2.37000000e+00,9.86575162e+00,-1.57898017e+00,6.40337831e+00,1.44079581e+01,5.65144473e+01,-4.80936344e-01,1.14743745e+00
"2008M05",6.75000000e+00,1.98000000e+00,1.15482903e+01,-2.78717444e+00,2.15264255e+00,1.28968787e+00,6.81165811e+01,-7.11443059e-01,1.32823834e+00
"2008M06",6.75000000e+00,2.47000000e+00,1.27133499e+01,-2.50507496e+00,1.66455483e+00,7.50892577e+00,6.84978549e+01,-9.21512287e-01,1.22001825e+00
"2008M07",6.88043478e+00,2.09000000e+00,1.32394454e+01,-3.17486983e+00,-5.14579288e-01,7.21010128e+00,5.87480759e+01,-1.11933807e+00,-9.17768933e-01
"2008M08",7.25000000e+00,1.94000000e+00,1.28268141e+01,-3.31815444e+00,4.02547160e+00,-2.09306886e+00,4.77717203e+01,-1.32795005e+00,4.07475408e-01
"2008M09",7.25000000e+00,2.03000000e+00,1.19988289e+01,-3.16649146e+00,2.50620164e+00,1.29007712e+01,2.64528920e+01,-1.56048624e+00,-6.86545902e-01
"2008M10",7.25000000e+00,2.20000000e-01,1.21568168e+01,-2.49193222e+00,1.37250380e+00,-6.19515499e+00,-1.13293214e+01,-2.00862128e+00,-1.29188221e+00
"2008M11",7.25000000e+00,5.20000000e-01,1.02973555e+01,0.00000000e+00,5.19637444e+00,-8.92546082e+00,-5.03012082e+01,-2.43771591e+00,4.39170839e-01
"2008M12",7.25000000e+00,1.40000000e-01,8.98427810e+00,1.04303423e+00,7.07808792e-01,5.61550168e-01,-8.01841766e+01,-2.82908381e+00,-3.16853415e+00
"2009M01",7.22727273e+00,2.30000000e-01,7.58616950e+00,2.05662776e+00,-1.87253027e+00,-8.07316502e+00,-8.01541074e+01,-3.15623564e+00,-4.20996494e+00
"2009M02",6.95000000e+00,2.20000000e-01,6.29568533e+00,2.93575646e+00,-5.94168256e-02,-1.21087263e+01,-8.92132461e+01,-3.52728442e+00,-3.71609043e+00
"2009M03",6.45454545e+00,1.60000000e-01,4.87763253e+00,5.59942694e+00,2.50477864e+00,1.05171872e+00,-7.88343573e+01,-3.92432236e+00,-4.28792869e+00
"2009M04",6.11363636e+00,2.00000000e-01,3.55853333e+00,7.04065491e+00,6.23461398e+00,-1.25959376e+01,-8.18736865e+01,-4.26680735e+00,-3.45424727e+00
"2009M05",5.75000000e+00,1.90000000e-01,2.26838041e+00,8.63382029e+00,9.11244661e+00,-1.79511439e+01,-7.53469263e+01,-4.43556076e+00,-3.25537811e+00
"2009M06",5.54545455e+00,2.20000000e-01,6.15318335e-01,8.19921260e+00,7.55949334e+00,-9.74983645e+00,-6.53591707e+01,-4.31216720e+00,-3.27009962e+00
"2009M07",5.20652174e+00,1.80000000e-01,-3.02505524e-01,9.48213018e+00,7.20932629e+00,-1.13885345e+01,-7.31874518e+01,-4.04153491e+00,-1.34049679e+00
"2009M08",4.75000000e+00,1.50000000e-01,-7.34934476e-01,1.08594148e+01,5.93882250e+00,-1.01648834e+01,-4.96006657e+01,-3.69909129e+00,-1.34744415e+00
"2009M09",4.63636364e+00,7.00000000e-02,3.28317513e-02,1.09106841e+01,8.62977207e+00,-1.12919947e+01,-4.05485690e+01,-3.32528657e+00,-1.05989492e+00
"2009M10",4.50000000e+00,1.10000000e-01,-6.55632571e-01,1.03366497e+01,7.74668765e+00,-1.15779333e+01,-1.17282957e+00,-2.95227906e+00,7.16949873e-01
"2009M11",4.50000000e+00,1.30000000e-01,-6.11722911e-01,8.28579116e+00,8.27612615e+00,-7.94279892e+00,3.08114669e+01,-2.31738158e+00,-7.52650222e-01
"2009M12",4.50000000e+00,5.00000000e-02,-2.79153977e-01,7.73452686e+00,1.04800650e+01,-4.45991356e+00,5.93857523e+01,-1.78477917e+00,6.94263282e-01
"2010M01",4.50000000e+00,1.20000000e-01,1.42240606e+00,6.28672781e+00,1.24473583e+01,-1.64832383e+01,6.30136008e+01,-1.35338488e+00,-6.98658540e-01
"2010M02",4.50000000e+00,1.30000000e-01,2.45444556e+00,2.48459986e+00,1.04207937e+01,-2.69558100e+00,6.70017991e+01,-1.09719600e+00,-1.03592778e+00
"2010M03",4.50000000e+00,9.00000000e-02,3.85498331e+00,-7.45345065e-01,1.52432871e+01,7.25706928e+00,5.27026816e+01,-8.39047767e-01,-4.37656546e-01
"2010M04",4.50000000e+00,2.00000000e-01,3.68179719e+00,-9.93796999e-01,7.61947424e+00,1.37408974e+00,5.29365878e+01,-6.11762597e-01,-1.37425152e+00
"2010M05",4.50000000e+00,1.90000000e-01,3.44777491e+00,-1.24225200e+00,6.50976883e+00,7.07952150e+00,2.22572478e+01,-5.00270663e-02,-7.40796250e-01
"2010M06",4.50000000e+00,9.00000000e-02,3.98687910e+00,-1.48701625e+00,6.79094107e+00,1.23186908e+01,7.86047325e+00,2.25339861e-01,-1.21175338e+00
"2010M07",4.50000000e+00,1.80000000e-01,4.03768145e+00,-2.10013895e+00,7.98692299e+00,5.06639936e+00,1.73669269e+01,2.24003973e-01,-9.08420535e-01
"2010M08",4.50000000e+00,2.10000000e-01,4.01391676e+00,-2.94861657e+00,7.50476361e+00,1.12036463e+01,7.52750810e+00,2.69709804e-01,-1.93150221e+00
"2010M09",4.50000000e+00,1.50000000e-01,3.68970242e+00,-2.92703823e+00,5.33140403e+00,7.87215657e+00,8.07048131e+00,2.34648044e-01,-1.00708460e+00
"2010M10",4.50000000e+00,2.00000000e-01,4.40727485e+00,-3.53479823e+00,8.02138619e+00,3.56912977e+00,7.84294778e+00,4.30844081e-01,3.54415677e-01
"2010M11",4.50000000e+00,2.00000000e-01,5.12056337e+00,-3.68139731e+00,6.90535746e+00,1.40712907e+01,7.72418680e+00,2.54428860e-01,-8.94736218e-01
"2010M12",4.50000000e+00,1.30000000e-01,5.25312914e+00,-4.29250447e+00,6.97809239e+00,7.10657088e+00,1.79878096e+01,5.21790376e-01,1.83076040e+00
"2011M01",4.50000000e+00,1.70000000e-01,4.72497493e+00,-5.02248846e+00,1.17300300e+01,1.40768449e+01,1.29673351e+01,2.01458377e-01,8.96880815e-01
"2011M02",4.50000000e+00,1.60000000e-01,5.05429580e+00,-4.13333727e+00,1.19244626e+01,1.04048180e+01,1.48070926e+01,2.37310466e-01,-2.62828250e-01
"2011M03",4.50000000e+00,1.00000000e-01,4.76555305e+00,-3.94202343e+00,7.09314992e+00,3.73999297e+00,2.36376942e+01,3.60669198e-01,8.83297318e-01
"2011M04",4.75000000e+00,9.00000000e-02,5.60617758e+00,-4.86029158e+00,1.39647986e+01,7.52065886e+00,2.61924179e+01,5.03662488e-01,1.14753207e+00
"2011M05",4.75000000e+00,1.00000000e-01,6.20064181e+00,-4.47358938e+00,8.52006562e+00,1.51265369e+01,3.13541791e+01,6.17902778e-01,6.30396774e-01
"2011M06",4.75000000e+00,7.00000000e-02,6.22929117e+00,-2.78499012e+00,1.16935549e+01,5.45342959e+00,2.45138460e+01,5.44483572e-01,1.77998568e+00
"2011M07",4.75000000e+00,1.10000000e-01,6.79830238e+00,-3.17084269e+00,8.21571458e+00,-9.48422706e+00,2.42906172e+01,7.17973763e-01,1.51899748e+00
"2011M08",5.00000000e+00,8.00000000e-02,7.35294789e+00,-2.39759119e+00,1.06667448e+01,8.18754408e+00,1.19627207e+01,4.68754320e-01,6.04404831e-01
"2011M09",5.00000000e+00,6.00000000e-02,6.99636545e+00,-2.88783407e+00,6.11318828e+00,1.51915641e+00,1.27986264e+01,5.51526172e-01,1.28766305e+00
"2011M10",5.50000000e+00,9.00000000e-02,6.43264215e+00,-2.64000247e+00,4.98921959e+00,4.99960479e+00,5.26771308e+00,5.46534074e-01,-7.82934689e-01
"2011M11",5.50000000e+00,1.00000000e-01,5.88183154e+00,-2.40365778e+00,9.45244331e+00,3.58610067e+00,1.42541524e+01,5.73747132e-01,1.77470734e-01
"2011M12",5.50000000e+00,4.00000000e-02,6.01539227e+00,-2.28146778e+00,9.23898789e+00,8.28648279e+00,1.00420033e+01,6.07255757e-01,2.84846161e-01
"2012M01",5.50000000e+00,1.10000000e-01,5.35238339e+00,-1.90240360e+00,2.93594980e+00,7.41331849e+00,1.17351185e+01,7.19929700e-01,-3.54119447e-01
"2012M02",5.50000000e+00,1.00000000e-01,5.08844646e+00,-5.12821637e-01,7.05402558e+00,1.40075919e+01,1.43082543e+01,7.75004956e-01,-4.56508930e-01
"2012M03",5.50000000e+00,9.00000000e-02,4.55253000e+00,2.59067502e-01,6.74118751e+00,4.57978786e+00,3.15909576e+00,9.38191264e-01,6.01166643e-01
"2012M04",5.50000000e+00,1.60000000e-01,4.18566437e+00,1.43138423e+00,2.49273682e+00,1.20860559e+01,-5.83806620e+00,8.82672644e-01,-2.18168577e+00
"2012M05",5.50000000e+00,1.60000000e-01,3.82260353e+00,1.68506904e+00,4.83460045e+00,8.37956816e+00,-6.39007466e+00,8.56652769e-01,-1.19182654e+00
"2012M06",5.50000000e+00,9.00000000e-02,3.41413772e+00,7.67267191e-01,4.40586915e+00,3.83983105e+00,-1.56683752e+01,7.05412946e-01,3.15767364e-01
"2012M07",5.00000000e+00,1.30000000e-01,2.82051959e+00,7.70222036e-01,7.59939563e+00,1.87880690e+01,-1.01689331e+01,6.53289788e-01,-9.95070587e-01
"2012M08",5.00000000e+00,1.30000000e-01,2.67527723e+00,6.36539387e-01,2.47549491e+00,7.47704201e+00,8.64782467e+00,6.55126644e-01,-5.14241993e-01
"2012M09",5.00000000e+00,9.00000000e-02,3.22773684e+00,1.64248797e+00,6.80842343e+00,2.73747776e-01,1.00050047e+01,6.18972375e-01,1.37905240e-01
"2012M10",5.00000000e+00,1.80000000e-01,3.29301451e+00,3.81437208e-01,1.17701837e+01,1.52066511e+01,3.60525591e+00,5.35907230e-01,-2.20934998e-02
"2012M11",5.00000000e+00,1.60000000e-01,3.06658485e+00,7.65309858e-01,7.74488991e+00,6.88958265e+00,-1.15856321e+01,3.79090520e-01,-5.86978534e-01
"2012M12",5.00000000e+00,9.00000000e-02,3.38827192e+00,1.14724012e+00,9.53519831e+00,7.79879612e+00,-1.14955541e+01,4.29060853e-01,5.43129286e-01
"2013M01",5.00000000e+00,1.50000000e-01,3.78448485e+00,1.01911710e+00,7.73807618e+00,1.59614026e+01,-5.65892506e+00,4.36231341e-01,4.86839072e-01
"2013M02",5.00000000e+00,1.40000000e-01,4.09904723e+00,6.40617181e-01,4.33954568e+00,2.28050270e-01,-6.98471233e+00,6.99785391e-01,-5.39858533e-02
"2013M03",5.00000000e+00,9.00000000e-02,4.24701970e+00,1.02961013e+00,1.25591908e+01,5.32684626e+00,-1.32987997e+01,7.47152130e-01,-6.78793980e-01
"2013M04",5.25000000e+00,1.40000000e-01,4.04426700e+00,7.72204609e-01,1.06970098e+01,7.40397803e+00,-1.15819883e+01,6.26050176e-01,1.16670052e+00
"2013M05",5.25000000e+00,9.00000000e-02,4.18166724e+00,1.28452169e-01,1.25705023e+01,5.47196586e+00,-1.53306082e-01,5.79465948e-01,2.70133350e-01
"2013M06",5.25000000e+00,7.00000000e-02,4.68234213e+00,-3.82897724e-01,9.11647874e+00,-3.64789241e+00,1.51563978e+01,6.15249420e-01,-3.91957776e-01
"2013M07",5.25000000e+00,9.00000000e-02,4.63100031e+00,0.00000000e+00,9.84004600e+00,5.46281682e+00,1.74675600e+01,6.99295173e-01,-5.15113626e-01
"2013M08",5.25000000e+00,7.00000000e-02,4.32032630e+00,1.26823099e-01,1.18891853e+01,3.31989941e+00,1.24136975e+01,8.19276769e-01,3.21417639e-01
"2013M09",5.25000000e+00,6.00000000e-02,4.12429586e+00,-5.02513620e-01,8.04437405e+00,1.39833255e+01,1.17421873e+01,7.73998818e-01,-2.39365137e-01
"2013M10",5.00000000e+00,7.00000000e-02,4.07048572e+00,1.01010960e+00,8.26091787e+00,1.44544192e+01,1.16396898e+01,5.76907784e-01,-4.30356020e-01
"2013M11",5.00000000e+00,7.00000000e-02,4.52671200e+00,3.80469704e-01,4.64941158e+00,2.31006781e+00,8.13392421e+00,6.39951581e-01,4.32487072e-01
"2013M12",5.00000000e+00,7.00000000e-02,4.29388131e+00,-3.80952842e-01,4.54678829e+00,8.90254764e+00,1.05397099e+01,7.00251369e-01,-1.71475536e+00
"2014M01",5.00000000e+00,7.00000000e-02,4.05610909e+00,-5.08260306e-01,-3.20640240e-02,9.66047769e+00,-1.47352832e-01,6.89958193e-01,-1.29490311e-01
"2014M02",5.00000000e+00,6.00000000e-02,3.44404899e+00,-8.98017581e-01,3.43115612e+00,8.90262402e+00,5.61869537e+00,6.25243477e-01,1.17053107e+00
"2014M03",5.00000000e+00,6.00000000e-02,3.19442886e+00,-1.02961013e+00,-2.86724572e+00,7.95165685e+00,8.12381635e+00,6.17161363e-01,1.49661929e-01
"2014M04",4.75000000e+00,9.00000000e-02,3.21503315e+00,-6.43089033e-01,3.45367281e+00,8.39222429e+00,1.03628758e+01,7.83988830e-01,1.20042748e+00
"2014M05",4.75000000e+00,8.00000000e-02,3.17208756e+00,-7.73199728e-01,3.58848075e+00,3.52214350e+00,7.80071626e+00,7.64383084e-01,1.56077722e+00
"2014M06",4.75000000e+00,9.00000000e-02,3.08413676e+00,-2.56082086e-01,1.68576295e+00,1.44170901e+01,9.95209202e+00,9.34219200e-01,6.85227057e-01
"2014M07",4.50000000e+00,8.00000000e-02,3.35692217e+00,-6.41439018e-01,3.61042253e+00,1.33951896e+01,-1.03935927e+00,7.77542664e-01,1.19248803e+00
"2014M08",4.50000000e+00,7.00000000e-02,3.63298906e+00,-1.01911710e+00,4.50383346e+00,4.39466278e+00,-9.89096686e+00,8.46489662e-01,7.35032347e-01
"2014M09",4.50000000e+00,7.00000000e-02,3.39366850e+00,-2.80989112e+00,7.33762109e+00,8.66943947e+00,-1.31291056e+01,9.29283689e-01,5.31234495e-01
"2014M10",4.50000000e+00,7.00000000e-02,3.57273309e+00,-3.97233520e+00,2.84185335e-02,4.18214949e+00,-1.75007020e+01,1.12574255e+00,4.73968679e-01
"2014M11",4.50000000e+00,8.00000000e-02,3.32044954e+00,-3.60863898e+00,6.38060392e+00,5.60218740e+00,-2.13887513e+01,1.00785210e+00,1.05389851e+00
"2014M12",4.00000000e+00,6.00000000e-02,2.90473288e+00,-3.10102367e+00,8.33423141e+00,1.03346416e+01,-4.98687723e+01,8.84537809e-01,1.57555091e-01
"2015M01",4.00000000e+00,6.00000000e-02,2.29578889e+00,-2.71159286e+00,1.42971863e+01,3.29371091e+00,-6.95042320e+01,8.36127483e-01,4.28394062e-01
"2015M02",4.00000000e+00,6.00000000e-02,2.40996184e+00,-1.42766864e+00,9.81194359e+00,1.18043486e+01,-6.89671164e+01,8.18123403e-01,7.46252134e-01
"2015M03",3.50000000e+00,6.00000000e-02,2.39614408e+00,-1.30210173e+00,1.63431417e+01,1.92181326e+01,-7.45656146e+01,9.12960746e-01,5.93764791e-01
"2015M04",3.50000000e+00,8.00000000e-02,2.54345024e+00,-7.77205985e-01,1.12283073e+01,2.63464208e+00,-6.28314201e+01,8.67579501e-01,-7.14812416e-02
"2015M05",3.50000000e+00,8.00000000e-02,2.52099877e+00,-5.18807908e-01,1.22021227e+01,4.91659573e+00,-5.44689090e+01,7.88271821e-01,-3.94331921e-01
"2015M06",3.50000000e+00,8.00000000e-02,2.35704003e+00,-1.94180859e+00,1.89745387e+01,1.06957082e+01,-5.70164053e+01,7.90494741e-01,6.95172448e-01
"2015M07",3.25000000e+00,8.00000000e-02,2.29371722e+00,-1.55645165e+00,1.05215735e+01,1.18284294e+01,-7.10546853e+01,8.23321980e-01,1.56831025e+00
"2015M08",3.25000000e+00,8.00000000e-02,1.94327881e+00,-2.11381182e+00,1.26993985e+01,1.00672531e+01,-8.11801229e+01,7.39788973e-01,7.86810886e-01
"2015M09",3.25000000e+00,7.00000000e-02,1.85899285e+00,-3.43022885e-01,1.49311390e+01,1.59987393e+01,-7.17613248e+01,8.09850173e-01,5.15339463e-01
"2015M10",3.00000000e+00,7.00000000e-02,2.20507782e+00,4.41583062e-01,1.68885949e+01,1.53950860e+01,-6.02040064e+01,6.52629046e-01,2.94739654e-01
"2015M11",3.00000000e+00,8.00000000e-02,2.48184871e+00,3.61868089e-01,1.28103239e+01,2.44652962e+01,-5.79785634e+01,5.71592172e-01,-2.44243161e-02
"2015M12",3.00000000e+00,2.00000000e-01,3.02016781e+00,-8.56088124e-02,9.93975646e+00,1.87182037e+01,-4.66445084e+01,5.12536528e-01,-7.85809322e-01
"2016M01",3.00000000e+00,2.90000000e-01,4.28464656e+00,1.12574046e-01,1.18556127e+01,1.68148610e+01,-3.99011111e+01,5.27111040e-01,-8.00434645e-01
"2016M02",3.00000000e+00,2.90000000e-01,4.18214101e+00,1.57072655e-01,1.26116247e+01,2.55933374e+01,-5.11732982e+01,4.15762903e-01,-1.41273785e+00
"2016M03",3.00000000e+00,2.50000000e-01,4.17348197e+00,1.13585754e+00,3.66762633e+00,1.12879348e+01,-2.41943469e+01,4.39417058e-01,-1.96861993e+00
"2016M04",3.00000000e+00,3.00000000e-01,4.00598637e+00,5.22184307e-01,8.71691686e+00,1.90131393e+01,-2.89750947e+01,4.03321367e-01,3.02292337e-01
"2016M05",3.00000000e+00,2.90000000e-01,4.26437152e+00,-4.45501941e-01,1.00549060e+01,1.86327651e+01,-2.38009666e+01,5.63215588e-01,-8.48161593e-01
"2016M06",3.00000000e+00,3.00000000e-01,4.33727857e+00,-9.30851408e-02,6.32127889e+00,1.36440638e+01,-2.04478084e+01,5.11041871e-01,-1.13437336e+00
"2016M07",3.00000000e+00,3.00000000e-01,4.51510848e+00,-6.00848544e-01,1.00923768e+01,-6.77859008e+00,-1.30992882e+01,5.72176959e-01,-2.19961333e+00
"2016M08",3.00000000e+00,3.00000000e-01,4.63155005e+00,-1.47700062e+00,1.06500336e+01,1.60658676e+01,4.24013073e+00,5.09867854e-01,-2.45192123e-01
"2016M09",3.00000000e+00,2.90000000e-01,4.45785767e+00,-2.20272196e+00,6.58416547e+00,1.21079561e+01,-6.55498966e-01,4.29799557e-01,6.63245772e-01
"2016M10",3.00000000e+00,3.10000000e-01,4.65011686e+00,-2.44359482e+00,5.08246818e+00,3.71564975e+00,7.40263567e+00,3.64679469e-01,-5.33984220e-01
"2016M11",3.00000000e+00,3.10000000e-01,4.56567721e+00,-1.89149566e+00,1.09706700e+01,1.65571078e+01,7.30697193e+00,3.16464168e-01,1.06618844e+00
"2016M12",3.00000000e+00,5.50000000e-01,4.14529592e+00,-1.44389749e+00,1.33172724e+01,1.25979120e+01,3.34672551e+01,1.72869944e-01,8.66511528e-01
"2017M01",3.00000000e+00,5.60000000e-01,3.75623510e+00,-1.66731902e+00,1.10170954e+01,1.98102330e+01,5.05104114e+01,-8.24653147e-02,7.19034937e-01
"2017M02",3.00000000e+00,5.70000000e-01,3.88142918e+00,-3.33007229e+00,1.31686158e+01,9.54730861e+00,5.67184718e+01,1.11493739e-01,4.05697183e-01
"2017M03",3.00000000e+00,8.20000000e-01,3.92051163e+00,-4.74546017e+00,1.10590644e+01,1.71833361e+01,2.72911813e+01,2.85224262e-01,6.01400277e-01
"2017M04",3.00000000e+00,8.30000000e-01,4.00735970e+00,-5.21484346e+00,1.13162482e+01,4.90011569e+00,2.25427346e+01,4.98533372e-01,-2.15705806e-01
"2017M05",3.00000000e+00,8.30000000e-01,3.85757599e+00,-4.22106716e+00,1.16035980e+01,1.78368982e+01,3.70670853e+00,7.10502527e-01,-1.04725631e+00
"2017M06",3.00000000e+00,1.06000000e+00,4.27234193e+00,-3.99161570e+00,1.11232446e+01,1.63242598e+01,-7.62501646e+00,8.20289029e-01,3.29043799e-01
"2017M07",3.00000000e+00,1.07000000e+00,5.08788329e+00,-3.99571206e+00,1.19146121e+01,2.14262598e+01,4.33674965e+00,7.00784364e-01,-7.52620208e-01
"2017M08",3.00000000e+00,1.07000000e+00,4.60896740e+00,-3.50265525e+00,8.00708946e+00,1.33733246e+01,7.14525947e+00,6.71493950e-01,-1.03200509e+00
"2017M09",3.00000000e+00,1.06000000e+00,4.26758466e+00,-3.02246555e+00,1.21932105e+01,1.01915391e+01,9.77494447e+00,6.79039661e-01,-1.14411496e+00
"2017M10",3.00000000e+00,1.07000000e+00,4.11733933e+00,-2.08536212e+00,1.29539910e+01,1.83998095e+01,3.55723038e+00,4.21277995e-01,-1.72182443e+00
"2017M11",2.75000000e+00,1.07000000e+00,4.58495496e+00,-2.31398834e+00,7.54856096e+00,7.38342620e+00,2.15446728e+01,1.05765457e-01,-2.06162462e+00
"2017M12",2.75000000e+00,1.33000000e+00,5.52160484e+00,-2.20348404e+00,1.16301827e+01,5.99307074e+00,1.07722025e+01,-1.79474400e-01,-1.01393145e+00
"2018M01",2.75000000e+00,1.34000000e+00,4.60635477e+00,-2.40370909e+00,9.71835913e+00,7.69484348e+00,1.93272779e+01,-4.55555134e-01,-4.24194261e-01
"2018M02",2.75000000e+00,1.35000000e+00,4.06718893e+00,-6.97046204e-01,9.10004100e+00,2.60464885e+00,1.51737522e+01,-3.18832264e-01,-1.73686040e-01
"2018M03",2.75000000e+00,1.67000000e+00,4.05755320e+00,4.53022251e-01,1.28295558e+01,1.96753988e+00,2.40267951e+01,1.03976008e-01,5.72673594e-01
"2018M04",2.75000000e+00,1.69000000e+00,3.84545396e+00,8.83705737e-01,6.00958056e+00,1.84948722e+01,2.60481246e+01,5.51048919e-01,1.10954737e+00
"2018M05",2.75000000e+00,1.70000000e+00,4.00524678e+00,1.36566829e+00,5.82912827e+00,7.85801620e+00,3.67107174e+01,9.94912913e-01,9.59744265e-01
"2018M06",2.75000000e+00,1.91000000e+00,3.72020113e+00,1.90784099e+00,5.85488775e+00,1.01983256e+01,4.07039017e+01,1.02298616e+00,1.56838403e+00
"2018M07",2.75000000e+00,1.91000000e+00,2.57191211e+00,2.41213226e+00,2.94625772e+00,2.08645709e+01,4.20162875e+01,9.72971541e-01,9.33476701e-01
"2018M08",2.75000000e+00,1.91000000e+00,3.30960622e+00,3.05264892e+00,7.62074213e+00,1.95235829e+01,3.48355143e+01,8.87470818e-01,6.52207204e-01
"2018M09",2.75000000e+00,2.18000000e+00,4.45148544e+00,4.71420234e+00,7.34295046e+00,1.03128870e+01,3.43348893e+01,8.48903172e-01,-3.48090010e-01
"2018M10",2.75000000e+00,2.20000000e+00,4.24614885e+00,5.05359935e+00,1.04289545e+01,1.70280846e+01,3.16044163e+01,4.08363454e-01,-2.21181304e-01
"2018M11",2.75000000e+00,2.20000000e+00,3.09975878e+00,4.89708933e+00,4.29637252e+00,1.58231553e+01,5.72048471e-01,-9.91556422e-02,-1.39311947e+00
"2018M12",2.75000000e+00,2.40000000e+00,2.28657255e+00,5.16624740e+00,7.01650153e+00,1.57654975e+01,-1.55965096e+01,-6.08624308e-01,-2.33634820e+00
"2019M01",2.75000000e+00,2.40000000e+00,4.02285600e+00,5.11857940e+00,5.15498742e+00,8.09392971e+00,-2.14996560e+01,-1.09918647e+00,-8.62623608e-01
"2019M02",2.75000000e+00,2.40000000e+00,4.36192496e+00,5.01158645e+00,8.07267821e+00,9.15374359e+00,-1.24318861e+01,-8.27986160e-01,-7.82163661e-02
"2019M03",2.75000000e+00,2.43000000e+00,4.08639287e+00,3.94609507e+00,5.92687468e+00,9.13865941e+00,-7.57058507e+00,-3.76448703e-01,9.80223409e-02
"2019M04",2.75000000e+00,2.45000000e+00,4.64349549e+00,3.21297684e+00,1.06209154e+01,1.16700058e+01,-3.67624949e+00,3.80051055e-01,1.10453092e+00
"2019M05",2.75000000e+00,2.40000000e+00,4.43707820e+00,3.00958352e+00,1.04185256e+01,1.86743840e+01,-1.40152725e+01,7.78098692e-01,1.82811535e+00
"2019M06",2.75000000e+00,2.40000000e+00,4.68835859e+00,2.89314201e+00,9.83713063e+00,9.58318578e+00,-2.16556781e+01,9.73730262e-01,1.57718418e+00
"2019M07",2.75000000e+00,2.40000000e+00,4.27687254e+00,2.52254106e+00,1.80882539e+01,1.46914492e+01,-2.13104285e+01,8.41765915e-01,1.54089085e+00
"2019M08",2.75000000e+00,2.13000000e+00,2.96843630e+00,2.24269130e+00,1.04179436e+01,1.30767232e+01,-2.16527766e+01,7.53327037e-01,1.33109335e+00
"2019M09",2.75000000e+00,1.90000000e+00,1.78828294e+00,6.71617728e-01,1.00634189e+01,1.79076799e+01,-2.09684536e+01,7.17484877e-01,8.66858383e-01
"2019M10",2.75000000e+00,1.58000000e+00,2.14643792e+00,4.99535139e-01,1.22679063e+01,1.46761381e+01,-2.70834668e+01,2.13037562e-01,7.62359459e-02
"2019M11",2.75000000e+00,1.56000000e+00,2.87893219e+00,4.75129680e-02,1.59226343e+01,7.96870365e+00,1.49891328e-01,-2.75420993e-01,6.12282252e-02
"2019M12",2.75000000e+00,1.55000000e+00,3.34882331e+00,-5.36943451e-01,1.07354370e+01,1.09407811e+01,1.88851608e+01,-9.68945313e-01,-1.70662821e+00
"2020M01",2.75000000e+00,1.59000000e+00,1.76869537e+00,-4.34895009e-01,1.35646787e+01,1.93018392e+01,1.12950580e+01,-1.33900550e+00,-7.28323566e-01
"2020M02",2.75000000e+00,1.58000000e+00,1.22832366e+00,-1.16014495e+00,7.30980555e+00,1.57146086e+01,-8.36927100e+00,-1.07772384e+00,-1.49992943e+00
"2020M03",2.75000000e+00,8.00000000e-02,1.75293072e+00,-5.24122936e-02,1.53687503e+01,-1.01644461e+01,-6.88617139e+01,-1.31455093e+00,-7.73341725e+00
"2020M04",2.00000000e+00,5.00000000e-02,1.86180296e+00,8.21206491e-01,1.91909816e+01,-2.25110348e+01,-1.35048824e+02,-1.24170925e+01,-1.24486650e+01
"2020M05",2.00000000e+00,5.00000000e-02,1.78696001e+00,4.03700146e-01,1.23006551e+01,-1.52339426e+01,-7.55936112e+01,-1.02775052e+01,-1.29648198e+01
"2020M06",2.00000000e+00,8.00000000e-02,2.36093944e+00,-9.82443187e-02,1.70562659e+01,8.81728338e+00,-3.55446675e+01,-8.58525448e+00,-1.06736988e+01
"2020M07",1.75000000e+00,1.00000000e-01,2.83771264e+00,2.60953341e-01,1.35474261e+01,1.29368382e+01,-3.42829061e+01,-8.41078904e+00,-6.53671894e+00
"2020M08",1.75000000e+00,9.00000000e-02,4.10217177e+00,4.46989352e-01,1.80673785e+01,6.85712720e+00,-2.58088246e+01,-7.44169348e+00,-4.20053183e+00
"2020M09",1.75000000e+00,9.00000000e-02,4.84620802e+00,6.63153786e-01,2.59253141e+01,1.63980374e+01,-3.62426466e+01,-7.04713492e+00,-2.55188050e+00
"2020M10",1.75000000e+00,9.00000000e-02,5.20661731e+00,2.36746497e-01,1.47287278e+01,1.24868982e+01,-3.14637452e+01,-6.83863281e+00,-1.09143331e+00
"2020M11",1.75000000e+00,9.00000000e-02,5.31893318e+00,1.09104952e+00,2.14327831e+01,1.81833573e+01,-3.31866326e+01,-6.21860258e+00,1.40808488e+00
"2020M12",1.75000000e+00,9.00000000e-02,4.71096610e+00,1.45404594e+00,2.65223294e+01,2.12543349e+01,-2.40604954e+01,5.52249171e+00,6.51224487e+00
"2021M01",1.75000000e+00,7.00000000e-02,5.10564503e+00,1.21997724e+00,1.91221271e+01,8.29693505e+00,-1.00710507e+01,4.51531223e+00,6.98798842e+00
"2021M02",1.75000000e+00,7.00000000e-02,5.82461415e+00,1.25745824e+00,2.38349767e+01,1.54398174e+01,1.55504979e+01,4.14835344e+00,8.13983394e+00
"2021M03",1.75000000e+00,6.00000000e-02,5.67737637e+00,4.39803268e-01,2.06219159e+01,5.43183403e+01,7.58058371e+01,2.58760805e+00,8.46114368e+00
"2021M04",1.75000000e+00,5.00000000e-02,5.07320485e+00,1.19808735e-01,9.06094117e+00,5.78300262e+01,1.31631179e+02,2.42024610e+00,6.95122935e+00
"2021M05",1.75000000e+00,5.00000000e-02,5.04388868e+00,2.11137461e-01,1.97901227e+01,3.90616727e+01,8.24896899e+01,2.75518557e+00,4.95518249e+00
"2021M06",1.75000000e+00,8.00000000e-02,3.83282070e+00,5.32391172e-01,1.88478708e+01,3.46711637e+01,6.22352479e+01,2.35911265e+00,3.04421324e+00
"2021M07",1.75000000e+00,7.00000000e-02,3.74423986e+00,6.36257915e-01,1.22698545e+01,2.27528103e+01,5.76898001e+01,2.72558507e+00,3.26762610e+00
"2021M08",1.75000000e+00,6.00000000e-02,3.55138538e+00,4.29945265e-01,1.43663410e+01,2.79315423e+01,4.69826153e+01,2.81621961e+00,7.57925815e-01
"2021M09",1.75000000e+00,6.00000000e-02,3.60526409e+00,-3.27206551e-01,8.53211334e+00,2.11798164e+01,5.92045440e+01,2.80130835e+00,1.11968039e+00
"2021M10",1.75000000e+00,7.00000000e-02,2.91324806e+00,-6.43091719e-01,1.19936231e+01,2.24730993e+01,7.26654700e+01,2.52831149e+00,1.41044884e+00
"2021M11",1.75000000e+00,7.00000000e-02,2.84511382e+00,-7.41074091e-01,1.21255082e+01,3.21720894e+01,6.59269901e+01,2.11281716e+00,7.46311825e-01
"2021M12",1.75000000e+00,7.00000000e-02,3.02169822e+00,-9.76452561e-01,1.11738567e+01,2.62046897e+01,4.21976187e+01,1.79473898e+00,1.20785409e+00
"2022M01",1.75000000e+00,8.00000000e-02,2.82790938e+00,-1.12589121e+00,1.17818916e+01,2.63940843e+01,4.70106087e+01,1.25210593e+00,7.73810049e-01
"2022M02",1.75000000e+00,8.00000000e-02,2.93624498e+00,-6.06979920e-01,1.17656727e+01,2.92047332e+01,4.39557195e+01,1.64617642e+00,2.65812117e-01
"2022M03",1.75000000e+00,3.30000000e-01,4.08647059e+00,-3.40108608e-01,1.01980068e+01,1.49628960e+01,5.54282538e+01,1.77975943e+00,9.48756217e-01
"2022M04",1.75000000e+00,3.30000000e-01,4.51645519e+00,-6.97114143e-01,1.50472703e+01,2.07745919e+01,5.00235039e+01,2.20103841e+00,1.30111927e+00
"2022M05",2.00000000e+00,8.30000000e-01,5.65443927e+00,-5.85825028e-01,1.23810036e+01,2.52858567e+01,5.19411232e+01,2.34614261e+00,1.17631140e+00
"2022M06",2.25000000e+00,1.58000000e+00,7.28211265e+00,-4.45623973e-02,1.23630414e+01,2.01224337e+01,4.75522730e+01,2.23353232e+00,5.50206071e-01
"2022M07",2.25000000e+00,2.32000000e+00,8.02566147e+00,-7.24928409e-02,1.57282012e+01,1.15260242e+00,3.37847597e+01,1.92199063e+00,2.59190111e-01
"2022M08",2.75000000e+00,2.33000000e+00,8.50269869e+00,-9.15428898e-02,1.26690859e+01,1.68045184e+01,3.24190983e+01,1.42677317e+00,4.45100386e-01
"2022M09",3.00000000e+00,3.08000000e+00,8.64892053e+00,8.82726065e-01,1.06855978e+01,2.06426438e+01,1.62144666e+01,1.35308300e+00,4.37932739e-01
"2022M10",3.00000000e+00,3.08000000e+00,9.26187101e+00,1.71460658e+00,1.58691882e+01,1.34306559e+01,7.19477672e+00,7.31957710e-01,3.62743282e-02
"2022M11",3.75000000e+00,3.83000000e+00,8.77085752e+00,1.06228183e+00,1.06148488e+01,7.00243311e+00,6.39043320e+00,2.42154702e-01,-2.60034707e-01
"2022M12",3.75000000e+00,4.33000000e+00,8.83431703e+00,1.83028865e+00,6.80652424e+00,8.21058319e+00,6.38131789e+00,-1.55452184e-01,-1.59470559e-01
"2023M01",4.25000000e+00,4.33000000e+00,9.24923890e+00,1.87912532e+00,1.32517318e+01,1.60675103e+01,-6.32272282e+00,-2.42610610e-01,-5.87515122e-01
"2023M02",4.50000000e+00,4.57000000e+00,9.46064937e+00,1.71488793e+00,1.38512942e+01,8.96279976e+00,-1.76249904e+01,-1.87653072e-01,5.83200102e-01
"2023M03",4.50000000e+00,4.83000000e+00,8.35404789e+00,1.43058040e+00,9.33174832e+00,1.09450993e+01,-3.92516162e+01,2.27577164e-02,1.02558560e+00
"2023M04",4.75000000e+00,4.83000000e+00,7.98809370e+00,1.76361757e+00,1.23263149e+01,2.30165010e+00,-2.47707538e+01,5.87864061e-01,3.11622317e-01
"2023M05",5.00000000e+00,5.08000000e+00,6.33072627e+00,1.80125494e+00,1.20122900e+01,1.29070910e+01,-4.25612496e+01,7.39876419e-01,7.47226464e-01
"2023M06",5.00000000e+00,5.08000000e+00,4.81163464e+00,1.32599565e+00,1.18865101e+01,1.10729584e+01,-4.91481782e+01,8.88361100e-01,1.90851261e+00
"2023M07",5.00000000e+00,5.33000000e+00,4.43454791e+00,1.41646935e+00,1.19787766e+01,1.81652233e+01,-2.89583129e+01,8.06353616e-01,1.25090548e+00
"2023M08",5.00000000e+00,5.33000000e+00,4.37601357e+00,1.64660347e+00,1.21884242e+01,7.65573784e+00,-1.40522571e+01,5.28871783e-01,4.09027713e-01
"2023M09",5.00000000e+00,5.33000000e+00,4.58050228e+00,8.55772875e-01,8.46748923e+00,6.20819939e+00,5.95156346e+00,2.87665809e-01,4.88572014e-01
"2023M10",5.00000000e+00,5.33000000e+00,4.86275892e+00,-2.86076652e-01,8.85388540e+00,1.72929060e+00,-2.21175445e+00,1.06197791e-01,-2.63249830e+00
"2023M11",5.00000000e+00,5.33000000e+00,4.21053106e+00,1.71890961e-01,1.33695640e+01,1.04081347e+01,-8.25553437e+00,-1.81474496e-01,-1.56297931e+00
"2023M12",5.00000000e+00,5.33000000e+00,4.09199880e+00,-5.60173903e-01,9.71743079e+00,7.24793144e+00,-6.11924764e+00,-4.50697630e-01,-1.20897826e+00
"2024M01",5.00000000e+00,5.33000000e+00,3.74265160e+00,-3.89181933e-01,1.08520935e+01,5.71368085e+00,-5.21623297e+00,-4.68098990e-01,-1.83024375e-01
"2024M02",5.00000000e+00,5.33000000e+00,3.24711008e+00,-2.65704158e-01,8.83597524e+00,1.01040287e+01,5.40453043e-01,-5.15824716e-01,-6.89298966e-01
"2024M03",5.00000000e+00,5.33000000e+00,3.17735540e+00,-2.31351846e-02,1.46970086e+01,1.24267705e+00,1.03617323e+01,-1.65881538e-01,-1.07833931e+00
"2024M04",5.00000000e+00,5.33000000e+00,3.30226322e+00,-2.54006489e-01,8.80201889e+00,1.74977505e+01,7.16469743e+00,2.25973390e-01,6.17601269e-01
"2024M05",5.00000000e+00,5.33000000e+00,3.69025730e+00,-5.31644976e-01,7.83279243e+00,8.87605371e+00,1.11543101e+01,4.41747769e-01,9.36519332e-01
"2024M06",5.00000000e+00,5.33000000e+00,3.55281898e+00,-9.38768301e-01,8.49753919e+00,-5.56058174e+00,1.27081310e+01,4.84536077e-01,1.69452740e+00
"2024M07",5.00000000e+00,5.33000000e+00,3.71276136e+00,-1.21367304e+00,1.22560473e+01,1.01826505e+01,7.26354043e+00,3.43980496e-01,1.59337543e+00
"2024M08",5.00000000e+00,5.33000000e+00,3.03025895e+00,-1.56376962e+00,3.82734018e+00,1.30472008e+01,-5.95219244e+00,2.49953207e-01,1.67533217e+00
"2024M09",5.00000000e+00,4.83000000e+00,2.08436004e+00,-1.77052782e+00,1.02823192e+01,1.43548550e+00,-2.41539285e+01,2.25446926e-02,1.13002838e+00
"2024M10",4.75000000e+00,4.83000000e+00,1.16194253e+00,-1.48085558e+00,1.28391889e+01,1.92153515e+01,-1.73689139e+01,-1.58297184e-01,NaN